nome,site,email,telefone,estado,cidade,origem
,construtorabauhaus.com.br,,71 4111-2333,BA,,base_original
Empresa,coinpe.com.br,atendimento@coinpe.com.br,75 3281-3645,BA,,base_original
Empresa,barcinoesteve.com.br,contato@barcinoesteve.com.br,71 3243-0913,BA,,base_original
Empresa,celi.com.br,relacionamento@celi.com.br,79 3216-5000,BA,,base_original
Empresa,espacor2.com.br,hugo.planejamento@espacor2.com.br,71 3336-2286,BA,,base_original
Empresa,construtorafarol.com.br,farol.construcao@gmail.com,71 3367-9949,BA,,base_original
,cflconstrutora.com.br,,71 3507-2555,BA,,base_original
Empresa,construtoramodulo.com.br,contato@construtoramodulo.com.br,71 3450-3674,BA,,base_original
,construtoralink.com.br,,71 3344-2005,BA,,base_original
Empresa,construtoranm.com.br,cnm@construtoranm.com.br,71 3306-7131,BA,,base_original
,construtoraouteiro.com.br,,73 3288-1545,BA,,base_original
Empresa,construtorapablo.com.br,construtorapablo@construtorapablo.com.br,71 3245-8488,BA,,base_original
,costaandrade.com.br,,71 3355-6666,BA,,base_original
Empresa,cplconstrutora.com.br,contato@cplconstrutora.com.br,71 3082-3082,BA,,base_original
Empresa,ctlssa.com.br,ctl-ssa@uol.com.br,71 3362-3393,BA,,base_original
Empresa,dipawa.com.br,dipawa@dipawa.com.br,71 3594-2250,BA,,base_original
Empresa,falcaoconstrutora.com.br,falcao@falcaoconstrutora.com.br,71 3328-4444,BA,,base_original
Empresa,mfpconstrutora.com.br,selecao@mfpconstrutora.com.br,,BA,,base_original
,mvsconstrutora.com.br,,71 3272-2377,BA,,base_original
,http://www.acopi.com.br/,,(85) 3251-1414,CE,,base_original
,http://www.bm.eng.br/,,(85) 3264-9272,CE,,base_original
,http://www.carneirodemelo.com.br/,,(85) 4008-6969,CE,,base_original
,http://www.atticaconstrutora.com.br/,,,CE,,base_original
,http://www.coigma.com.br/,,(85) 3224-4576,CE,,base_original
Empresa,http://www.colmeia.com.br/,receber@colmeia.com.br,(85) 3288-6600,CE,,base_original
Empresa,http://www.construtoradube.com.br/,atendimento@construtoradube.com.br,(85) 3260-4006,CE,,base_original
Empresa,http://www.exataconstrutora.com.br/,exata@exataconstrutora.com.br,(85) 3077-7800,CE,,base_original
Empresa,http://www.construtoraelos.com/,elos@construtoraelos.com.br,(85) 3267-7288,CE,,base_original
Empresa,http://www.construtoraengeterra.com/,engenharia@construtoraengeterra.com,(85) 3472-1674,CE,,base_original
,http://www.jsimoes.com.br/,,(85) 3133-4058,CE,,base_original
,http://www.cmarte.com.br/,,,CE,,base_original
,http://www.construtoramontenegro.com.br/,,(85) 3252-2081,CE,,base_original
Empresa,http://www.cmveng.com.br/,trabalheconosco@cmveng.com.br,,CE,,base_original
Empresa,http://www.passarelli.com.br/,sac@passarelli.com.br,(11) 3037-8400,CE,,base_original
,http://www.projecconstrutora.com.br/,,,CE,,base_original
,http://www.reata.com.br/,,(85) 3105-8000,CE,,base_original
Empresa,http://www.construtorasamaria.com.br/,contato@construtorasamaria.com.br,(85) 3474-1788,CE,,base_original
Empresa,http://www.construtoratriade.com.br/,jorge@construtoratriade.com.br,(85) 3271-2354,CE,,base_original
Empresa,http://www.crcoelho.com.br/,crc.jua@crcoelho.com.br,(88) 8802-0746,CE,,base_original
,http://www.jbmconstrutora.com.br/,,,CE,,base_original
,http://www.morefacil.com.br/,,(85) 3273-5244,CE,,base_original
,http://www.redeaconstrutora.com.br/,,,CE,,base_original
Empresa,http://www.tecnisa.com.br/,relacionamento@tecnisa.com.br,(11) 3708-1010,DF,,base_original
Empresa,http://www.agataconstrutora.com.br/,vendas@agataconstrutora.com.br,(27) 3225-2411,ES,,base_original
,http://www.barbosabarros.com.br/,,(27) 3389-6009,ES,,base_original
,http://www.cbcconstrutora.com.br/,,,ES,,base_original
Empresa,http://www.abaurre.com.br/,abaurre@abaurre.com.br,(27) 3325-3544,ES,,base_original
,http://www.construtoraarpa.com.br/,,(27) 3721-4444,ES,,base_original
,http://www.construtoracapitania.com.br/,,(27) 3201-6999,ES,,base_original
Empresa,http://www.construtoraepura.com/,contato@construtoraepura.com,(27) 99583-4432,ES,,base_original
Empresa,http://www.construtorapj.com.br/,construtorapj@construtorapj.com.br,(27) 3721-6561,ES,,base_original
Empresa,http://www.sacavalcante.com.br/,relacionamento@sacavalcante.com.br,(27) 3205-7200,ES,,base_original
Empresa,http://www.smconstrutora.com.br/,contato@smconstrutora.com.br,(27) 3262-5668,ES,,base_original
,http://www.vigaconstrutora.com.br/,,(27) 3325-6565,ES,,base_original
,http://www.francavilla.com.br/,,(27) 3315-7145,ES,,base_original
,http://www.galwan.com.br/,,(27) 3200-4004,ES,,base_original
Empresa,http://www.javeconstrutora.com.br/,contato@javeconstrutora.com.br,(27) 3077-1414,ES,,base_original
Empresa,http://www.marcaambiental.com.br/,marcaambiental@marcaambiental.com.br,(27) 2123-7700,ES,,base_original
Empresa,http://www.mazzinigomes.com.br/,contato@mazzinigomes.com.br,(27) 3357-1099,ES,,base_original
Empresa,http://www.morar.com/,atendimento@morar.com.br,(27) 3314-1500,ES,,base_original
,http://www.sfranco.com.br/,,(31) 3225-1466,ES,,base_original
Empresa,http://www.signusconstrutora.com.br/,engenharia@signusconstrutora.com.br,(27) 3225-5444,ES,,base_original
Empresa,http://www.tmaconstrutora.com.br/,contato@tmaconstrutora.com.br,(27) 3314-1491,ES,,base_original
Empresa,http://www.vargasconstrutora.com.br/,vargas@vargasconstrutora.com.br,(27) 3361-0050,ES,,base_original
Empresa,http://www.abacoconstrutora.com.br/,contato@abacoconstrutora.com.br,(62) 3091-2131,GO,,base_original
Empresa,http://www.calengenharia.com.br/,contato@calengenharia.com.br,(62) 3931-0057,GO,,base_original
Empresa,http://www.conscienteconstrutora.com.br/,dho@consciente.com.br,(62) 99991-4659,GO,,base_original
Empresa,http://www.construinvest.com.br/,contato@construinvest.com.br,(62) 3311-1000,GO,,base_original
Empresa,http://www.aguasantaconstrutora.com.br/,contato@aguasantaconstrutora.com.br,(62) 3920-5100,GO,,base_original
Empresa,http://www.construtoracampos.com.br/,gerencia@construtoracampos.com.br,(62) 3281-0108,GO,,base_original
Empresa,http://www.ccbconstrutora.com.br/,po@ccbconstrutora.com.br,(62) 3546-9000,GO,,base_original
Empresa,http://www.merzian.com.br/,recepcao@merzian.com.br,(62) 3157-0267,GO,,base_original
Empresa,http://www.cmoconstrutora.com.br/,cmocomvoce@cmoconstrutora.com.br,(62) 3216-4272,GO,,base_original
Empresa,http://www.romanobarbosa.com.br/,sac@romanobarbosa.com.br,(62) 3945-2444,GO,,base_original
Empresa,http://www.construtoraserragrande.com.br/,contato@construtoraserragrande.com.br,(62) 3092-6852,GO,,base_original
Empresa,http://www.engefortnet.com.br/,contato@engefortconstrutora.com.br,(99) 3015-0101,GO,,base_original
Empresa,http://www.epocaconstrutora.com.br/,contato@grupoepoca.com,(62) 3991-6113,GO,,base_original
Empresa,http://www.govesa.ind.br/,ouvidoria@consorciogovesa.com.br,(62) 3412-2200,GO,,base_original
Empresa,http://www.himalaia.net.br/,contato@himalaia.net.br,(62) 99969-7532,GO,,base_original
Empresa,http://www.innovarconstrutora.com.br/,innovar@innovarconstrutora.com.br,(62) 4006-2600,GO,,base_original
Empresa,http://www.jl2construtora.com.br/,adm@jl2engenharia.com.br,(62) 3626-5254,GO,,base_original
Empresa,http://www.lugasa.com.br/,contato@lugasa.com.br,(62) 3703-0510,GO,,base_original
,http://www.mtkweb.com.br/,,,GO,,base_original
Empresa,http://www.mpaconstrutora.com.br/,engenharia@mpaconstrutora.com.br,(62) 3594-6005,GO,,base_original
Empresa,http://www.rodriguesdacunha.com.br/,atendimento@rodriguesdacunha.com.br,(62) 99844-4009,GO,,base_original
,http://www.teccril.com.br/,,(62) 3932-5532,GO,,base_original
,http://www.tripoliconstrutora.com.br/,,(62) 98160-0202,GO,,base_original
,http://www.adrianaferreiraconstrutora.com.br/,,,Belo Horizonte,,base_original
,http://www.arqconstrutora.com.br/,,,Belo Horizonte,,base_original
,http://www.aslconstrutora.com.br/,,,Belo Horizonte,,base_original
,http://www.audeni.com.br/,,,Belo Horizonte,,base_original
,http://www.azevedomelo.com.br/,,,Belo Horizonte,,base_original
,http://www.bauxitaconstrutora.com.br/,,,Ouro Preto,,base_original
,http://www.belohorizonteconstrutora.com.br/,,,Belo Horizonte,,base_original
,http://www.bmgconstrutora.com.br/,,(31) 3286-2493,Belo Horizonte,,base_original
,http://www.braconstrutora.com.br/,,,Belo Horizonte,,base_original
,http://www.brumadoconstrutora.com.br/,,,Belo Horizonte,,base_original
,http://www.cnbconstrutora.com.br/,,,Belo Horizonte,,base_original
Empresa,http://www.cvcconstrutora.com.br/,contato@cvcconstrutora.com.br,,Belo Horizonte,,base_original
,http://www.cegeconstrutora.com.br/,,,Belo Horizonte,,base_original
,http://www.caparao.com.br/,,(31) 4009-7000,Belo Horizonte,,base_original
Empresa,http://www.construtorammatos.com.br/,contato@construtorammatos.com.br,,Belo Horizonte,,base_original
Empresa,http://www.construtoracasaforte.com.br/,atendimento@construtoracasaforte.com.br,,Belo Horizonte,,base_original
Empresa,http://www.construtoracasagrande.com.br/,casagrande@construtoracasagrande.com.br,(31) 3222-4295,Belo Horizonte,,base_original
,http://www.construtoracastor.com.br/,,(31) 3078-8600; (31) 3078-8688,Belo Horizonte,,base_original
,http://www.construtoracherem.com.br/,,,Lavras,,base_original
,http://www.construtoracjp.com.br/,,,Itajubá,,base_original
Empresa,http://www.connage.com.br/,contato@connage.com.br,(38) 3222-5434; (38) 3214-1044,Montes Claros,,base_original
,http://www.construtoracosmos.com.br/,,,Montes Claros,,base_original
,http://www.cunharibeiro.com.br/,,(31) 3274-6229; (31) 3274-6231,Belo Horizonte,,base_original
,http://www.construtoradh.com.br/,,(31) 3234-2362,Belo Horizonte,,base_original
Empresa,http://www.dinizcamargos.com.br/,comercial@dinizcamargos.com.br,(31) 3324-9733,Belo Horizonte,,base_original
,http://www.construtoradinizdantas.com.br/,,,Belo Horizonte,,base_original
Empresa,http://www.grupoparaopeba.com.br/,grupoparaopeba@grupoparaopeba.com.br,(38) 3054-7327,Itabirito,,base_original
,http://www.construtoraescala.com.br/,,,Contagem,,base_original
,http://www.construtoraexcelso.com.br/,,,Belo Horizonte,,base_original
Empresa,http://www.ferreirajunior.eng.br/,licitacao@ferreirajunior.eng.br,(31) 3852-4660; (31) 3852-3102,João Monlevade,,base_original
,http://www.construtoraforca.com.br/,,,Belo Horizonte,,base_original
,http://www.construtoraforte.com.br/,,,Belo Horizonte,,base_original
,http://www.construtorafranco.com.br/,,,Belo Horizonte,,base_original
Empresa,http://www.gomespimentel.com.br/,contato@gomespimentel.com.br,,Lavras,,base_original
Empresa,http://www.gomespimentel.com.br/,comercial@gomespimentel.com.br,,Lavras,,base_original
,http://www.construtoragraphene.com.br/,,,Belo Horizonte,,base_original
,http://www.construtoraimperio.com/,,,Brumadinho,,base_original
,http://www.jcampara.com.br/,,(31) 3295-0105,Belo Horizonte,,base_original
Empresa,http://www.construtorajcarvalho.com/,jcarvalho@construtorajcarvalho.com,(31) 99978-3506; (31) 3245-0859,Belo Horizonte,,base_original
Empresa,http://www.construtorajatoclean.com.br/,reformas@construtorajatoclean.com.br,(31) 3273-8048,Belo Horizonte,,base_original
Empresa,http://www.grupojimindustrial.com.br/,comercial.jim@grupojimindustrial.com.br,,Itajubá,,base_original
,http://www.construtoralaje.com.br/,,,Belo Horizonte,,base_original
,http://www.lider.com/,,,Belo Horizonte,,base_original
,http://www.construtoramaia.com.br/,,,Belo Horizonte,,base_original
Empresa,http://www.construtoramarins.com.br/,marins@construtoramarins.com.br,(31) 3499-1900,Belo Horizonte,,base_original
Empresa,http://www.construtoramarka.com.br/,marka.serv@outlook.com,(31) 97575-5536; (31) 2513-7550,Belo Horizonte,,base_original
Empresa,http://www.construtoramarka.com.br/,comercial@markaservicos.com.br,(31) 97575-5536; (31) 2513-7550,Belo Horizonte,,base_original
,http://www.medinamarinho.com.br/,,,Juiz de Fora,,base_original
,http://www.construtoramilionario.com.br/,,(31) 3396-5185,Contagem,,base_original
,http://www.cmcsa.com.br/,,(31) 3241-1030,Belo Horizonte,,base_original
Empresa,http://www.construtoranortesul.com.br/,ariapubmkt@gmail.com,(32) 98457-2792; (32) 3236-1976,Juiz de Fora,,base_original
,http://www.cobconstrutora.com.br/,,,Belo Horizonte,,base_original
,http://www.oliveirasouki.com.br/,,(37) 3221-5868,Divinópolis,,base_original
,http://www.construtorapardini.com.br/,,(37) 3221-8332,Divinópolis,,base_original
,http://www.construtorapassos.com.br/,,,Belo Horizonte,,base_original
Empresa,http://www.construtorapater.com.br/,pater.bhz@terra.com.br,,Belo Horizonte,,base_original
Empresa,http://www.construtoraplano.com.br/,sac@construtoraplano.com.br,(31) 3469-3000,Belo Horizonte,,base_original
Empresa,http://www.construtoraplano.com.br/,contato@construtoraplano.com.br,(31) 3469-3000,Belo Horizonte,,base_original
Empresa,http://www.construtorapontal.com.br/,pontal@construtorapontal.com.br,(31) 3571-1155; (38) 9290-3293,Brumadinho,,base_original
Empresa,http://www.grupopontesbrasil.com.br/,pontesdeminas@construtorapontesdeminas.com.br,(31) 3852-3234; (31) 3852-5559; (31) 99595-3235; (31) 99910-6973,João Monlevade,,base_original
Empresa,http://www.grupopontesbrasil.com.br/,compras@construtorapontesdeminas.com.br,(31) 3852-3234; (31) 3852-5559; (31) 99595-3235; (31) 99910-6973,João Monlevade,,base_original
Empresa,http://www.grupopontesbrasil.com.br/,rh@construtorapontesdeminas.com.br,(31) 3852-3234; (31) 3852-5559; (31) 99595-3235; (31) 99910-6973,João Monlevade,,base_original
Empresa,http://www.construtorapremier.com.br/,vendas@construtorapremier.com.br,(31) 3848-1770,Timóteo,,base_original
Empresa,http://www.construtoraqbhz.com.br/,marialuiza@construtoraqbhz.com.br,(31) 2555-0223,Belo Horizonte,,base_original
Empresa,http://www.construtoraqualidade.com.br/,cqualidade@globo.com,(31) 3024-3482,Belo Horizonte,,base_original
,http://www.construtorarenna.com.br/,,,MG,,base_original
,http://www.construtoraresendevieira.com.br/,,,MG,,base_original
,http://www.construtorasaba.com.br/,,(31) 3364-7000; (17) 4225-1949; (17) 4225-1943,MG,,base_original
Empresa,http://www.construtorasantanna.com.br/,comercial@gruposantanna.com.br,(31) 2125-2563; (16) 6248-6163; (16) 5712-9643,MG,,base_original
,http://www.santiagoferreira.com.br/,,,MG,,base_original
Empresa,http://www.morrograndeconstrutora.com.br/,contato@morrograndeconstrutora.com.br,(31) 99587-9897; (17) 8077-4502,MG,,base_original
,http://www.scarpelliventura.com.br/,,,MG,,base_original
,http://www.segenco.com.br/,,(31) 3371-1616; (17) 8062-2084; (17) 4226-0502,MG,,base_original
,http://www.sodeste.com.br/,,,MG,,base_original
,http://www.construtorasomar.com.br/,,,MG,,base_original
,http://www.construtorasudoeste.com.br/,,(31) 99955-5958; (31) 2566-5505; (37) 39122-0594,MG,,base_original
Empresa,http://www.unenco.com.br/,unenco@unenco.com.br,(31) 3484-5443; (31) 3432-0076; (51) 93113-4681,MG,,base_original
Empresa,http://www.construtorauni.com.br/,uni@somosauni.com.br,(31) 98319-4757; (45) 58416-1026; (45) 58416-0986,MG,,base_original
Empresa,http://www.construtoravaleverde.com.br/,contato@cvvsa.com.br,(31) 3839-1900; (17) 8058-9390; (17) 8058-9536,MG,,base_original
,http://www.valle.com.br/,,,MG,,base_original
,http://www.valleribeiro.com.br/,,(17) 2384-5056; (17) 3090-8448; (11) 75644-1605,MG,,base_original
,http://www.construtoravig.com.br/,,(21) 4748-3647; (91) 6666-6667; (66) 6666-6667,MG,,base_original
Empresa,http://www.construtoravlc.com.br/,vlc@construtoravlc.com.br,,MG,,base_original
,http://www.waomar.com.br/,,(32) 3215-3022; (53) 29905-3022; (17) 4286-5628,MG,,base_original
,http://www.convaco.com.br/,,(31) 3221-1366; (31) 3825-6080; (31) 3801-1550,MG,,base_original
Empresa,http://www.crosltda.com.br/,contato@grupocros.com.br,(31) 3241-2103; (17) 8073-9908; (17) 4826-3495,MG,,base_original
,http://www.cscconstrutora.com.br/,,,MG,,base_original
,http://www.damataconstrutora.com.br/,,,MG,,base_original
,http://www.ebate.com.br/,,(31) 3491-3332,MG,,base_original
Empresa,http://www.efconstrutora.com.br/,efconstrutora2022@gmail.com,(17) 8061-2451; (17) 8061-1059; (17) 8076-0955,MG,,base_original
,http://www.elementalconstrutora.com.br/,,,MG,,base_original
,http://www.engetecno.com.br/,,(31) 99609-1982; (17) 8043-2489; (17) 8077-4597,MG,,base_original
,http://www.even.com.br/,,(93) 40999-9996; (64) 50000-0004; (49) 96736-8907,MG,,base_original
,http://www.f2construtora.com.br/,,,MG,,base_original
,http://www.falkconstrutora.com.br/,,,MG,,base_original
,http://www.fococonstrutora.com.br/,,,MG,,base_original
Empresa,http://www.futuraconstrutora.com/,vendas@futuraconstrutora.com,(34) 3224-0562,MG,,base_original
Empresa,http://www.garcapocos.com.br/,garcapocos@garcapocos.com.br,(31) 21495-1497; (18) 9945-2064; (18) 4046-1329,MG,,base_original
,http://www.horizonteconstrutora.com.br/,,(19) 90977-4601; (19) 90976-0589,MG,,base_original
,http://www.construtoraincorpe.com.br/,,,MG,,base_original
Empresa,http://www.jcostaconstrutora.com.br/,contato@jcostaconstrutora.com.br,(35) 98855-6714; (35) 3471-2146; (17) 8072-2069,MG,,base_original
,http://www.jlr.com.br/,,(35) 98858-0019; (44) 58283-9943; (17) 8076-5498,MG,,base_original
,http://www.mcfconstrutora.com.br/,,(31) 3378-4554; (31) 3225-2111; (31) 99631-4282,MG,,base_original
,http://www.melomachado.com.br/,,,MG,,base_original
,http://www.metalicaconstrutora.com.br/,,,MG,,base_original
,http://www.montbrosconstrutora.com.br/,,(31) 3824-6666,MG,,base_original
,http://www.morariconstrutora.com.br/,,,MG,,base_original
,http://www.planoconstrutora.com/,,,MG,,base_original
Empresa,http://www.privilegeconstrutora.com.br/,vendas@privilegeconstrutora.com.br,(81) 86415-4728; (53) 20055-2863; (61) 94729-7406,MG,,base_original
,http://www.rbeconstrutora.com.br/,,,MG,,base_original
,http://www.sercconstrutora.com.br/,,,MG,,base_original
,http://www.sjtconstrutora.com.br/,,,MG,,base_original
,http://www.soincoconstrutora.com.br/,,,MG,,base_original
Empresa,http://www.thifeconstrutora.com.br/,contato@thifeconstrutora.com.br,(34) 3338-0037; (34) 98407-6994; (17) 7859-2558,MG,,base_original
,http://www.trenaconstrutora.com.br/,,(31) 98451-9004; (31) 3332-8011,MG,,base_original
,http://www.unibloco.com/,,,MG,,base_original
,http://www.vanguardaconstrutora.com.br/,,,MG,,base_original
,http://www.varconstrutora.com.br/,,(34) 98803-4272; (17) 4223-1546; (17) 4223-1547,MG,,base_original
,http://www.vicincorporadora.com.br/,,,MG,,base_original
,http://www.almeidacamargo.eng.br/,,(81) 3432-6966,PE,,base_original
Empresa,http://www.bvconstrutora.com.br/,bvconstrutora@hotmail.com,,PE,,base_original
,http://www.ca3construtora.com.br/,,(81) 3251-4210,PE,,base_original
Empresa,http://www.castronevesconstrutora.com.br/,cnc@castronevesconstrutora.com.br,(81) 99218-1712,PE,,base_original
Empresa,http://www.colengenharia.com.br/,col.engenharia@gmail.com,(81) 3242-4488,PE,,base_original
Empresa,http://www.conlarconstrutora.com.br/,conlar@conlar.com,(81) 3465-8033,PE,,base_original
,http://www.accruz.com.br/,,(81) 3366-1155,PE,,base_original
,http://www.araujoelima.com.br/,,,PE,,base_original
Empresa,http://www.baptistaleal.com.br/,sac@baptistaleal.com.br,(81) 3226-3856,PE,,base_original
Empresa,http://www.construtoracarajas.com.br/,carajas@construtoracarajas.com.br,(81) 3228-5555,PE,,base_original
,http://www.carrilho.com.br/,,(81) 3231-1703,PE,,base_original
Empresa,http://www.construtoracasaalta.com.br/,rh@construtoracasaalta.com.br,(81) 3327-1953,PE,,base_original
Empresa,http://www.construtoradallas.com.br/,viviane@construtoradallas.com.br,(81) 3073-0700,PE,,base_original
,http://www.correiaepeixoto.com.br/,,(81) 3445-2090,PE,,base_original
Empresa,http://www.construtoramlopes.com.br/,contato@construtoramlopes.com.br,,PE,,base_original
Empresa,http://www.nassauflex.com.br/,nassau@nassauflex.com.br,(81) 3423-5788,PE,,base_original
,http://www.construtoraeldorado.com.br/,,(81) 3341-5589,PE,,base_original
Empresa,http://www.construtorafama.com.br/,cfama@elogica.com.br,(81) 3471-8288,PE,,base_original
,http://www.construtoraholanda.com.br/,,(81) 3493-0806,PE,,base_original
Empresa,http://www.machadoguimaraes.com.br/,construtora@machadoguimaraes.com.br,(81) 3423-5006,PE,,base_original
,http://www.construtorapadrao.com.br/,,,PE,,base_original
Empresa,http://www.bittencourt.com.br/,bittencourt@bittencourt.com.br,,PE,,base_original
Empresa,http://www.ribeirolopes.com.br/,ribeirolopes@outlook.com,(81) 3038-7300,PE,,base_original
Empresa,http://www.construtorasantoantonio.com.br/,atendimento@construtorasantoantonio.com.br,(81) 3466-1485,PE,,base_original
,http://www.soaresdeazevedo.com.br/,,,PE,,base_original
,http://www.grupovenancio.com.br/,,(87) 3866-8900,PE,,base_original
,http://www.3construtora.com.br/,,,PR,,base_original
,http://www.agconstrutora.com.br/,,,PR,,base_original
,http://www.adamoconstrutora.com.br/,,,PR,,base_original
Empresa,http://www.aguiconstrutora.com.br/,aleports@hotmail.com,(44)3263-7873,PR,,base_original
Empresa,http://www.amagoconstrutora.com.br/,orcamento@amagoconstrutora.com.br,(49) 99912-7972,PR,,base_original
,http://www.ancoraconstrutora.com.br/,,,PR,,base_original
,http://www.gasparetto.eng.br/,,,PR,,base_original
,http://www.arcadiaconstrutora.com.br/,,,PR,,base_original
,http://www.incitu.com.br/,,,PR,,base_original
,http://www.astraconstrutora.com.br/,,,PR,,base_original
Empresa,http://www.atualconstrutora.com.br/,atual.construtora@bol.com.br,(21) 2593-4015,PR,,base_original
,http://www.bayerconstrutora.com.br/,,,PR,,base_original
,http://www.bcrconstrutora.com.br/,,,PR,,base_original
,http://www.construtoraboffo.com.br/,,,PR,,base_original
,http://www.borgesseribas.eng.br/,,,PR,,base_original
,http://www.construtoragrupobrasilia.com.br/,,,PR,,base_original
,http://www.cjmconstrutora.com.br/,,,PR,,base_original
,http://www.cnconstrutora.com.br/,,,PR,,base_original
,http://www.craconstrutora.com.br/,,,PR,,base_original
,http://www.camargoconstrutora.com.br/,,,PR,,base_original
,http://www.campagnaroconstrutora.com.br/,,,PR,,base_original
,http://www.cardosoconstrutora.com.br/,,(41) 98861-0590,PR,,base_original
,http://www.cidadeverdeconstrutora.com.br/,,,PR,,base_original
,http://www.colliconstrutora.com.br/,,,PR,,base_original
,http://www.construtorauniao.com.br/,,(17) 98126-0710,PR,,base_original
,http://www.joharc.com.br/,,1875014570 | 1875114570,PR,,base_original
,http://www.juncao.ind.br/,,(41) 3382-2449 | 11778172276,PR,,base_original
Empresa,http://www.construtorajust.com.br/,contato@construtorajust.com.br,1780775279 | 1780775282,PR,,base_original
Empresa,http://www.construtorajust.com.br/,maska@1.5.0,1780775279 | 1780775282,PR,,base_original
Empresa,http://www.construtorajust.com.br/,swiper@6.7.0,1780775279 | 1780775282,PR,,base_original
,http://www.kembra.com.br/,,,PR,,base_original
Empresa,http://www.construtoralaar.com.br/,contato@laar.com.br,(42) 3028-6339 | (42) 98405-5441,PR,,base_original
,http://www.construtoralaguna.com.br/,,4132591800 | 55419918829,PR,,base_original
Empresa,http://www.lealribas.com.br/,bootstrap@5.0.1,,PR,,base_original
Empresa,http://www.lealribas.com.br/,core@2.9.2,,PR,,base_original
Empresa,http://www.marluc.com.br/,contato@marluc.com.br,(44) 3224-1778 | 01010110796,PR,,base_original
Empresa,http://www.marluc.com.br/,welinton@marluc.com.br,(44) 3224-1778 | 01010110796,PR,,base_original
Empresa,http://www.marluc.com.br/,wght@100..1000,(44) 3224-1778 | 01010110796,PR,,base_original
,http://www.matosconstrucoes.com.br/,,,PR,,base_original
,http://www.construtorametrosul.com.br/,,,PR,,base_original
,http://www.miquelao.com.br/,,,PR,,base_original
,http://www.monteazul.eng.br/,,(41) 2018-5400 | 06766854612,PR,,base_original
,http://www.montesiaoconst.com.br/,,,PR,,base_original
,http://www.construtorapacific.com.br/,,,PR,,base_original
,http://www.construtorapantanal.com.br/,,,PR,,base_original
,http://www.construtoraparanista.com.br/,,,PR,,base_original
,http://www.construtoraparati.com.br/,,(41) 3027-8351 | 16529813495,PR,,base_original
Empresa,http://www.construtorapatrao.com.br/,core-js-bundle@3.2.1,(41) 99954-4537 | 00000000000,PR,,base_original
Empresa,http://www.construtorapatrao.com.br/,focus-within-polyfill@5.0.9,(41) 99954-4537 | 00000000000,PR,,base_original
Empresa,http://www.construtorapatrao.com.br/,intl-segmenter@11.7.10,(41) 99954-4537 | 00000000000,PR,,base_original
,http://www.construtorapiovesan.com.br/,,,PR,,base_original
,http://www.construtoraransolin.com.br/,,,PR,,base_original
Empresa,http://www.construtorarecife.com.br/,webmaster@construtorarecife.com.br,,PR,,base_original
Empresa,http://www.amarelasinternet.com/,bootstrap@5.2.2,68085947808,PR,,base_original
Empresa,http://www.rodenge.eng.br/,bootstrap@5.1.2,(45) 3322-1421 | 45 98405-1511,PR,,base_original
Empresa,http://www.rodenge.eng.br/,contato@rodenge.eng.br,(45) 3322-1421 | 45 98405-1511,PR,,base_original
Empresa,http://www.rodenge.eng.br/,fancybox@3.5.7,(45) 3322-1421 | 45 98405-1511,PR,,base_original
,http://www.construtorasanremo.com.br/,,,PR,,base_original
,http://www.santosjr.com.br/,,,PR,,base_original
Empresa,http://www.serradaprata.com.br/,comercial@serradaprata.com.br,(41) 3282-4176 | (41) 3423-6565,PR,,base_original
,http://www.serraglio.com.br/,,,PR,,base_original
Empresa,http://www.construtorastrobel.com.br/,atendimento@construtorastrobel.com.br,(41) 3075-6295 | 00023225876,PR,,base_original
Empresa,http://www.construtorastrobel.com.br/,core-js-bundle@3.2.1,(41) 3075-6295 | 00023225876,PR,,base_original
Empresa,http://www.construtorastrobel.com.br/,focus-within-polyfill@5.0.9,(41) 3075-6295 | 00023225876,PR,,base_original
Empresa,http://www.construtorasustentare.com.br/,construtorasustentare@construtorasustentare.com.br,41 3284-1009 | 41 3284-1212,PR,,base_original
,http://www.construtoratitanium.com.br/,,,PR,,base_original
,http://www.construtoratomasi.com.br/,,,PR,,base_original
,http://www.construtoraviverbem.com.br/,,(45) 3223-2586 | (45)99220034,PR,,base_original
Empresa,http://www.construtorazanella.com.br/,sac@construtorazanela.com.br,(45) 3264-1526 | 15092022120,PR,,base_original
Empresa,http://www.dangconstrutora.com.br/,dang@dangconstrutora.com.br,(41) 3339-0718 | 11 5535-7314,PR,,base_original
,http://www.construtoradzan.com.br/,,,PR,,base_original
,http://www.estilosconstrucoes.com.br/,,,PR,,base_original
,http://www.grupoexpansao.com.br/,,,PR,,base_original
Empresa,http://www.construtoragenova.com.br/,contato@construtoragenova.com.br,(41) 3037-2303 | 1001136450,PR,,base_original
Empresa,http://www.construtoragenova.com.br/,rh@construtoragenova.com.br,(41) 3037-2303 | 1001136450,PR,,base_original
Empresa,http://www.construtoragenova.com.br/,suprimentos@construtoragenova.com.br,(41) 3037-2303 | 1001136450,PR,,base_original
Empresa,http://www.hagaconstrutora.com.br/,maxima@construtoramaxima.com.br,(41) 99707-5000 | 15814492521,PR,,base_original
,http://www.construsalli.com.br/,,,PR,,base_original
,http://www.klarsen.com.br/,,,PR,,base_original
Empresa,http://www.ksnconstrutora.com.br/,contato@ksnconstrutora.com.br,(41) 3273-1212 | (41) 99800-3338,PR,,base_original
,http://www.construtoralopes.com.br/,,,PR,,base_original
,http://www.mblancconstrutora.com.br/,,,PR,,base_original
,http://www.qualitotal.com.br/,,,PR,,base_original
,http://www.construtoraromera.com.br/,,,PR,,base_original
Empresa,http://www.sconntec.com/,contato@sconntec.com.br,(41) 99993-4601 | 14192680586,PR,,base_original
Empresa,http://www.sconntec.com/,otavio@sconntec.com.br,(41) 99993-4601 | 14192680586,PR,,base_original
,http://www.skoraconstrutora.com.br/,,,PR,,base_original
Empresa,http://www.thalassa.com.br/,engenharia@thalassa.com.br,(41) 3376-2058 | (41) 97400-7656,PR,,base_original
Empresa,http://www.actioconstrutora.com.br/,engenharia.actio@gmail.com,,RJ,,base_original
,http://www.albarus.com.br/,,(51) 99464-1092,RJ,,base_original
,http://www.antonionami.com.br/,,,RJ,,base_original
Empresa,http://www.azevedocastro.com.br/,contato@azevedocastro.com.br,(81) 3322-7157,RJ,,base_original
,http://www.candiota.com.br/,,,RJ,,base_original
,http://www.carvalhoteles.com.br/,,,RJ,,base_original
,http://www.construtoracastor.com/,,,RJ,,base_original
,http://www.dinamicaconstrutora.com.br/,,,RJ,,base_original
Empresa,http://www.doisl.com.br/,contato@doisl.com.br,(21) 97184-8259,RJ,,base_original
Empresa,http://www.drconstrutora.com.br/,contato@dr.eng.br,(27) 99947-8233; (27) 99312-7531; (27) 98889-5878; (27) 99578-0500,RJ,,base_original
Empresa,http://www.drconstrutora.com.br/,rh@dr.eng.br,(27) 99947-8233; (27) 99312-7531; (27) 98889-5878; (27) 99578-0500,RJ,,base_original
Empresa,http://www.drconstrutora.com.br/,administrativo@dr.eng.br,(27) 99947-8233; (27) 99312-7531; (27) 98889-5878; (27) 99578-0500,RJ,,base_original
,http://www.dueconstrutora.com.br/,,,RJ,,base_original
,http://www.ccdconstrucoes.com.br/,,,RJ,,base_original
,http://www.estruturalri.com.br/,,,RJ,,base_original
,http://www.ffcconstrucoes.com.br/,,,RJ,,base_original
,http://www.fontourainvest.com.br/,,,RJ,,base_original
,http://www.fonseca.etc.br/,,,RJ,,base_original
,http://www.fonsecaconstrutora.com.br/,,,RJ,,base_original
Empresa,http://www.hecconstrutora.com.br/,comercial@hecconstrutora.com.br,,RJ,,base_original
,http://www.irmaossantosconstrutora.com.br/,,,RJ,,base_original
,http://www.joalves.com.br/,,,RJ,,base_original
,http://www.lopesfigueiredo.com.br/,,,RJ,,base_original
,http://www.norsulconstrutora.com.br/,,,RJ,,base_original
,http://www.pbsengenharia.com.br/,,,RJ,,base_original
,http://www.portobanheira.com.br/,,,RJ,,base_original
,http://www.rjcconstrutora.com.br/,,,RJ,,base_original
,http://www.viacaoriodejaneiro.com.br/,,,RJ,,base_original
,http://www.construtorazermatt.com.br/,,(21) 2532-1371; (21) 2532-3171; (21) 3079-9311,RJ,,base_original
,http://www.gtbimobiliaria.com.br/,,(21) 2437-9882,RJ,,base_original
,http://www.hjrodriguesmelo.com.br/,,,RJ,,base_original
Empresa,http://www.grupomartinelli.com.br/,contato@grupomartinelli.com.br,(21) 97154-9816; (21) 2490-0400,RJ,,base_original
Empresa,http://www.mgfsul.com.br/,contato@mgfsul.com.br,(24) 3383-0822; (24) 99268-1798,RJ,,base_original
,http://www.osborne.com.br/,,(21) 2521-7235; (21) 2267-8351,RJ,,base_original
,http://www.premio.com.br/,,(21) 2138-8021,RJ,,base_original
,http://www.tiroch.com.br/,,+55 (21) 2443-5040; (21) 98052-8542,RJ,,base_original
,http://www.aconstrutora.com.br/,,,RS,,base_original
,http://www.almeidabastos.com.br/,,,RS,,base_original
,http://www.alconstrutora.com.br/,,(11)44321305,RS,,base_original
,http://www.anjosconstrutora.com.br/,,,RS,,base_original
,http://www.astroconstrutora.com.br/,,,RS,,base_original
,http://www.benettiengenharia.com.br/,,,RS,,base_original
,http://www.bortoliniconstrutora.com.br/,,,RS,,base_original
,http://www.brandaoconstrutora.com.br/,,,RS,,base_original
,http://www.brasaconstrutora.com.br/,,,RS,,base_original
,http://www.brumconstrutora.com.br/,,,RS,,base_original
,http://www.carloconstrutora.com.br/,,,RS,,base_original
Empresa,http://www.casadoconstrutor.com.br/,jeovana.amorim@casadoconstrutor.com.br,,RS,,base_original
,http://www.cassolconstrutora.com.br/,,,RS,,base_original
,http://www.cdsconstrutora.com.br/,,,RS,,base_original
,http://www.ceccatto.com.br/,,,RS,,base_original
,http://www.centenarioimoveis.com.br/,,,RS,,base_original
,http://www.chiesconstrutora.com.br/,,,RS,,base_original
,http://www.cidadenovaconstrutora.com.br/,,,RS,,base_original
,http://www.colomboconstrutora.com.br/,,,RS,,base_original
Empresa,http://www.edisul.com.br/,edisul@edisul.com.br,(51) 3247-3030,RS,,base_original
,http://www.efremides.com.br/,,,RS,,base_original
,http://www.eiebr.com/,,,RS,,base_original
Empresa,http://www.engemold.com.br/,comercial@engemold.com.br,(51) 3471-1616; 51 99622-2661,RS,,base_original
,http://www.fiebig.com.br/,,,RS,,base_original
,http://www.construtorafriedrich.com.br/,,,RS,,base_original
,http://www.construtoragaucha.com.br/,,,RS,,base_original
,http://www.cgn-rs.com.br/,,,RS,,base_original
,http://www.gobbiengenharia.com.br/,,(54) 3313-1763; (54) 3313-4671,RS,,base_original
,http://www.gobbiempreendimentos.com.br/,,,RS,,base_original
,http://www.no.comunidades.net/,,,RS,,base_original
,http://www.construtoralupe.com.br/,,,RS,,base_original
Empresa,http://www.cminosso.com.br/,contato@cminosso.com.br,(51) 3268-3733; (51) 3268-9822; (51) 99387-7481; (51) 99833-7280,RS,,base_original
Empresa,http://www.nobileconstrutora.com.br/,nobile74@gmail.com,,RS,,base_original
,http://www.construtoraopus.com.br/,,,RS,,base_original
,http://www.pasqualini.com.br/,,,RS,,base_original
Empresa,http://www.pelotense.com.br/,rh@pelotense.com.br,(51)3332-2700; (53)3223-1955; (53)98121-4524; (53)99947-2391; (53)99996-4359; 053 99172-1533; 053 99704-7047,RS,,base_original
Empresa,http://www.poletto.com.br/,poletto@poletto.com.br,,RS,,base_original
Empresa,http://www.construtorasenger.com.br/,sengerconstrutora@gmail.com,(54) 3331-2756,RS,,base_original
Empresa,http://www.sultepa.com.br/,sultepa@sultepa.com.br,(51) 3214-1200; (51) 98888-8888,RS,,base_original
Empresa,http://www.tedesco.com.br/,comercial@htb.eng.br,11 5643-0100; 51 3327-0700,RS,,base_original
Empresa,http://www.tedesco.com.br/,htb@htb.eng.br,11 5643-0100; 51 3327-0700,RS,,base_original
,http://www.tenda.com/,,,RS,,base_original
,http://www.construtoravidanova.com.br/,,,RS,,base_original
,http://www.construtorazagonel.com.br/,,,RS,,base_original
,http://www.construtoracsl.com.br/,,,RS,,base_original
,http://www.construtoradiamond.com.br/,,,RS,,base_original
,http://www.dominiincorporadora.com.br/,,,RS,,base_original
,http://www.ecorama.com.br/,,,RS,,base_original
,http://www.elevi.com.br/,,,RS,,base_original
,http://www.ernestowoebcke.com.br/,,,RS,,base_original
,http://www.garst.com.br/,,,RS,,base_original
Empresa,http://www.imojel.com.br/,edilsonimojel@gmail.com,51 99622-8113,RS,,base_original
Empresa,http://www.imojel.com.br/,gustavolimalves@hotmail.com,51 99622-8113,RS,,base_original
Empresa,http://www.imojel.com.br/,plantao@imojel.com.br,51 99622-8113,RS,,base_original
Empresa,http://www.imojel.com.br/,vendas@imojel.com.br,51 99622-8113,RS,,base_original
Empresa,http://www.margisan.com.br/,atendimento@margisan.com.br,,RS,,base_original
Empresa,http://www.scorsattoempreendimentos.com.br/,scorsatto@scorsattoempreendimentos.com.br,54 99661-3427,RS,,base_original
,http://www.omegaconstrutora.net.br/,,,RS,,base_original
Empresa,http://www.construtorapegoraro.com.br/,construtora.pegoraro@gmail.com,(54) 99188-6502,RS,,base_original
,http://www.robertoferreira.com.br/,,(53) 99132-6017,RS,,base_original
,http://www.rottaely.com.br/,,,RS,,base_original
Empresa,http://www.rumocerto-rs.com.br/,gabrielrumocerto@gmail.com,(51) 3562-4694; (51) 3562-5265; (51) 98683-3324; (51) 99955-8643,RS,,base_original
Empresa,http://www.rumocerto-rs.com.br/,gerencia@rumocerto-rs.com.br,(51) 3562-4694; (51) 3562-5265; (51) 98683-3324; (51) 99955-8643,RS,,base_original
Empresa,http://www.zabaleta.com.br/,aproximacaozabaleta@gmail.com,(53) 3222-7022; (53)99158-1992,RS,,base_original
Empresa,www.abdoconstrutora.com.br,comercial@abdoconstrutora.com.br,(47) 99983-7433,SC,,base_original
,www.ajms.com.br,,(48) 3259-7792,SC,,base_original
,www.alamoconstrutora.com.br,,(48) 3224-1415 / (48) 3024-8010,SC,,base_original
,www.almconstrutora.com.br,,(47) 3347-2403,SC,,base_original
,www.tha.com.br,,(41) 3320-8900 (matriz PR),SC,,base_original
Empresa,www.arskammerconstrutora.com.br,financeiro@arskammer.com.br,(47) 3653-8207,SC,,base_original
Empresa,www.benckeconstrutora.com.br,contato@benckeconstrutora.com.br,(47) 99239-5695 / (47) 99720-2726,SC,,base_original
,www.passe.com.br,,(47) 3246-**** / (47) 3348-****,SC,,base_original
,www.hrcerta.com.br,,(49) 3251-5515,SC,,base_original
Empresa,www.cnaconstrutora.com.br,comercial@cnaconstrutora.com.br,(47) 3363-7007 / (47) 3393-6394,SC,,base_original
Empresa,www.virtualiza.net,contabilidade@conferconstrutora.com.br,(48) 3433-5266 / (48) 3433-5001,SC,,base_original
,www.construbrassc.com.br,,(48) 3433-5001,SC,,base_original
Empresa,www.construpema.com.br,contato@construpema.com.br,(47) 99721-2000,SC,,base_original
,www.arthursilveira.com.br,,(48) 3241-2574,SC,,base_original
,www.construtorabaiano.com.br,,(48) 3465-0024,SC,,base_original
,www.barbosamoura.com.br,,(48) 3626-0700,SC,,base_original
Empresa,www.amcconstrutora.com.br,comercial@amcconstrutora.com.br,(48) 3389-5002,SC,,base_original
Empresa,www.construtoracorreia.com.br,contato@construtoracorreia.com.br,(47) 3422-6996,SC,,base_original
,www.construtorajaragua.com.br,,(47) 3376-1437 / (47) 99927-5615,SC,,base_original
,www.jlc.com.br,,(47) 99715-0150,SC,,base_original
,www.cill.com.br,,(47) 99961-1000,SC,,base_original
Empresa,www.lombarda.com.br,lombarda@lombarda.com.br,(47) 3361-0557,SC,,base_original
Empresa,www.fetz.com.br,fetz@fetz.com.br,(49) 3566-9800,SC,,base_original
,www.forlin.com.br,,(49) 3566-1600,SC,,base_original
,www.construtorafraga.com.br,,(48) 3657-7222,SC,,base_original
Empresa,www.hahne.com.br,construtora@hahne.com.br,(47) 3326-0677,SC,,base_original
,www.construtoraholz.com.br,,(47) 3348-5457 / (47) 3433-4337,SC,,base_original
,www.jarussi.com.br,,(47) 3261-7300 / (47) 99973-2295,SC,,base_original
Empresa,http://www.construtoraatica.com.br/,contato@construtoraatica.com.br,1760107244,SP,,base_original
Empresa,http://www.atlantaubatuba.com.br/,contato@atlantaubatuba.com.br,1665077526,SP,,base_original
,http://www.construtorabaggio.com.br/,,7344963050,SP,,base_original
,http://www.construtorabalsante.com.br/,,1769368102,SP,,base_original
Empresa,http://www.bandina.com.br/,bandina@bandina.com.br,1780612168,SP,,base_original
Empresa,http://www.breci.com.br/,contato@breci.com.br,2545352419,SP,,base_original
,http://www.casabrancaconstrutora.com.br/,,24397662528,SP,,base_original
,http://www.casamicura.com.br/,,24397662528,SP,,base_original
Empresa,http://www.conservengenharia.com.br/,conservengenharia@conservengenharia.com.br,19 3426-7127,SP,,base_original
Empresa,http://www.construtoracordoba.com.br/,cordoba@construtoracordoba.com.br,2545352419,SP,,base_original
,http://www.construtoracpd.com.br/,,35113689833,SP,,base_original
Empresa,http://www.construtoradalpra.com.br/,comercial@construtoradalpra.com.br,2545352419,SP,,base_original
Empresa,http://www.construtoramartino.com.br/,camartino@construtoramartino.com.br,(13)3591-8143,SP,,base_original
,http://www.villaramos.com.br/,,24397662528,SP,,base_original
Empresa,http://www.construtoraedan.com.br/,edan@construtoraedan.com.br,11 4724-8573,SP,,base_original
,http://www.engebela.com.br/,,24397662528,SP,,base_original
,http://www.eugeniogarcia.com.br/,,24397662528,SP,,base_original
,http://www.construtorafacon.com.br/,,24397662528,SP,,base_original
Empresa,http://www.construtorafenicia.com.br/,atendimento@fenicia.com.br,2545352419,SP,,base_original
,http://www.construtorafortefix.com.br/,,24397662528,SP,,base_original
,http://www.graphite.com.br/,,1780694824,SP,,base_original
,http://www.guimaraestorres.com.br/,,(12) 3128-5300,SP,,base_original
Empresa,http://www.construtoraigarata.com.br/,construtoraigarata@uol.com.br,1780751564,SP,,base_original
,http://www.fedatto.com.br/,,24397662528,SP,,base_original
,http://www.solidadovale.com.br/,,1438537579,SP,,base_original
,http://www.instalmax.com.br/,,94444444444,SP,,base_original
Empresa,http://www.construtorajcdaguano.com.br/,daguano@femanet.com.br,44455354000,SP,,base_original
Empresa,http://www.construtorajcardoso.com.br/,contato@construtorajcardoso.com.br,55159813967,SP,,base_original
,http://www.jacy.com.br/,,24397662528,SP,,base_original
Empresa,http://www.construtorajbb.com.br/,contato@construtorajbb.com.br,44455354000,SP,,base_original
,http://www.kauffmann.com.br/,,1780773400,SP,,base_original
,http://www.lacotisse.com.br/,,24397662528,SP,,base_original
Empresa,http://www.construtoralins.com.br/,projetos@construtoralins.com.br,1707324716,SP,,base_original
,http://www.construtoram3.com.br/,,24397662528,SP,,base_original
Empresa,http://www.consfor.com.br/,consfor@consfor.com.br,16431340506,SP,,base_original
Empresa,http://www.mendessalge.com/,contato@mendessalge.com,1780577362,SP,,base_original
,http://www.mingardielias.com.br/,,39811437728,SP,,base_original
Empresa,http://www.construtoramudar.com.br/,fundo@cmudar.com.br,36969658000,SP,,base_original
,http://www.nogueiraporto.com.br/,,1937052222,SP,,base_original
,http://www.pavan.com.br/,,24397662528,SP,,base_original
,http://www.construtoracostanorte.com.br/,,1239245400,SP,,base_original
,http://www.construtoraromano.com.br/,,24397662528,SP,,base_original
,http://www.construtorapellegrini.com.br/,,14652421738,SP,,base_original
Empresa,http://www.construtoraplaneta.com.br/,contato@construtoraplaneta.com.br,1779896841,SP,,base_original
,http://www.construtorapozzani.com.br/,,(11) 4727-5005,SP,,base_original
Empresa,http://www.procivil.com.br/,procivil@procivil.com.br,1712056082,SP,,base_original
Empresa,http://www.construtoraravenna.com.br/,ravenna@construtoraravenna.com.br,55149975284,SP,,base_original
,http://www.resiplan.com.br/,,24397662528,SP,,base_original
Empresa,http://www.construtorariopreto.com.br/,suporteaocliente@ops.com.br,16890017416,SP,,base_original
Empresa,http://www.construtorasega.com.br/,atendimento@construtorasega.com.br,(19) 3461-0415,SP,,base_original
,http://www.construtorasequencia.com.br/,,24397662528,SP,,base_original
,http://www.simosos.com.br/,,24397662528,SP,,base_original
,http://www.spinaprojetos.com.br/,,24397662528,SP,,base_original
Empresa,http://www.construtorastefani.com.br/,605a7baede844d278b89dc95ae0a9123@sentry-next.wixpress.com,2545352419,SP,,base_original
,http://www.tapajosvotuporanga.com.br/,,24397662528,SP,,base_original
,http://www.tarjab.com.br/,,1780376752,SP,,base_original
,http://www.terrasimao.com.br/,,26303288103,SP,,base_original
,http://www.uliani.com.br/,,24397662528,SP,,base_original
Empresa,http://www.valadaresgontijo.com.br/,sac@valadaresgontijo.com.br,1780431879,SP,,base_original
,http://www.contisa.com.br/,,24397662528,SP,,base_original
,http://www.copenhagenconstrutora.com.br/,,42882611856,SP,,base_original
Empresa,http://www.coralon.com.br/,contato@coralon.com.br,10930087808,SP,,base_original
,http://www.cruzconstrutora.com.br/,,24397662528,SP,,base_original
Empresa,http://www.cunhabraga.com.br/,locacao@cunhabraga.com.br,,SP,,base_original
,http://www.descon.com.br/,,11 36831410,SP,,base_original
,http://www.docelarconstrutora.com.br/,,24397662528,SP,,base_original
Empresa,http://www.dpmconstrutora.com.br/,605a7baede844d278b89dc95ae0a9123@sentry-next.wixpress.com,2545352419,SP,,base_original
,http://www.edalco.com.br/,,24397662528,SP,,base_original
,http://www.edgeconstrutora.com.br/,,1780556890,SP,,base_original
,http://www.emplanej.com.br/,,1780591594,SP,,base_original
Empresa,http://www.encorpconstrutora.com.br/,encorp@encorpconstrutora.com.br,14874617960,SP,,base_original
Empresa,http://www.engecon.com.br/,contato@engecon.com.br,(19) 3898-1521,SP,,base_original
Empresa,http://www.engtro.com.br/,contato@engtro.com.br,,SP,,base_original
,http://www.epocaconstrutorasp.com.br/,,24397662528,SP,,base_original
Empresa,http://www.estruturaconstrutora.com.br/,estrutura@estruturaconstrutora.com.br,1780599945,SP,,base_original
,http://www.famacconstrutora.com.br/,,24397662528,SP,,base_original
,http://www.feraconstrutora.com.br/,,24397662528,SP,,base_original
Empresa,http://www.fido.com.br/,fido@fido.com.br,1772641652,SP,,base_original
,http://www.vifranconstrutora.com.br/,,,SP,,base_original
,http://www.garopabaconstrutora.com.br/,,,SP,,base_original
,http://www.ghaconstrutora.com/,,,SP,,base_original
,http://www.construtorapeppe.com.br/,,,SP,,base_original
,http://www.infratecconstrutora.com.br/,,,SP,,base_original
,http://www.supercifranet.com/,,,SP,,base_original
,http://www.jfonsecaconstrutora.com.br/,,,SP,,base_original
Empresa,http://www.jvdias.com.br/,jvdias@jvdias.com.br,(16) 3621-1594,SP,,base_original
,http://www.jafetincorporadora.com.br/,,,SP,,base_original
,http://www.piemonteflat.com.br/,,,SP,,base_original
,http://www.licoconstrutora.com.br/,,,SP,,base_original
,http://www.lk2.com.br/,,,SP,,base_original
,http://www.longbeach.com.br/,,,SP,,base_original
,http://www.mthconstrutora.com.br/,,,SP,,base_original
Empresa,http://www.macs.com.br/,contato@macs.com.br,(11) 2909-9292 | (11)29099292 | 00000000000,SP,,base_original
,http://www.magnumconst.com.br/,,(15) 3229-3399 | (15) 98823-7272 | 1441186372,SP,,base_original
Empresa,http://www.marfex.com.br/,marfex@marfex.com.br,(12) 3204-3930,SP,,base_original
Empresa,http://www.marquesconstrutora.com.br/,boosters-countup@1.0.2,(11) 2123-5557 | 01487498945 | 03599772581,SP,,base_original
Empresa,http://www.marquesconstrutora.com.br/,boosters-custom-slider-webflow@2.0.3,(11) 2123-5557 | 01487498945 | 03599772581,SP,,base_original
Empresa,http://www.marquesconstrutora.com.br/,boosters-tooltip@1.1.2,(11) 2123-5557 | 01487498945 | 03599772581,SP,,base_original
,http://www.construtoramaua.com.br/,,,SP,,base_original
,http://www.merhejejr.com.br/,,,SP,,base_original
Empresa,http://www.metria.com.br/,contato@metria.com.br,(13) 3223-3355 | (13) 99122-9100 | 55133223335,SP,,base_original
Empresa,http://www.metria.com.br/,vendas@metria.com.br,(13) 3223-3355 | (13) 99122-9100 | 55133223335,SP,,base_original
,http://www.metro4.com.br/,,,SP,,base_original
Empresa,http://www.construtoramgm.com.br/,contato@construtoramgm.com.br,16956631760 | 16977285910 | 1739572962,SP,,base_original
,http://www.miramarconstrutora.com.br/,,,SP,,base_original
,http://www.miroconstrutora.com.br/,,11 3826-2244,SP,,base_original
,http://www.miyazi.com.br/,,,SP,,base_original
,http://www.mog.com.br/,,,SP,,base_original
Empresa,http://www.montante.com.br/,contato@montante.com.br,(12) 3941-7888 | 10933518804 | 17460387493,SP,,base_original
Empresa,http://www.mouraoconstrutora.com.br/,contato@mouraoconstrutora.com.br,(13) 3471-2619 | (13) 99787-2619 | 16837341426,SP,,base_original
,http://www.nascimar.com.br/,,,SP,,base_original
,http://www.obranovaconstrutora.com.br/,,,SP,,base_original
,http://www.operaconstrutora.com.br/,,,SP,,base_original
,http://www.otaga.com.br/,,(11) 2071-2620 | (11) 20714200 | (11) 2944-8789,SP,,base_original
,http://www.paiagua.com.br/,,,SP,,base_original
,http://www.pavimentadorasaopedro.com.br/,,,SP,,base_original
,http://www.penido.com.br/,,,SP,,base_original
Empresa,http://www.pereiraalvim.com.br/,ui@4.0,08009425151,SP,,base_original
Empresa,http://www.plaege.com.br/,plaege@plaege.com.br,(19) 99928-9463 | (19)3541-8244 | 14775586666,SP,,base_original
Empresa,http://www.planejconstrutora.com.br/,administracao@planejconstrutora.com.br,(12) 3941-6000 | (12) 3941-9262 | (12) 99184-3016,SP,,base_original
,http://www.polipav.com.br/,,,SP,,base_original
Empresa,http://www.pontoexatum.com.br/,compras@pontoexatum.com.br,(19) 3327-7802 | (19) 98405-2250 | 11854898093,SP,,base_original
Empresa,http://www.pontoexatum.com.br/,contato@pontoexatum.com.br,(19) 3327-7802 | (19) 98405-2250 | 11854898093,SP,,base_original
Empresa,http://www.pontoexatum.com.br/,core-js-bundle@3.2.1,(19) 3327-7802 | (19) 98405-2250 | 11854898093,SP,,base_original
Empresa,http://www.porte.com.br/,js-cookie@3.0.5,55112227806 | 55119990540 | 88000011444,SP,,base_original
Empresa,http://www.porte.com.br/,wght@400..700,55112227806 | 55119990540 | 88000011444,SP,,base_original
Empresa,http://www.predcenter.com.br/,contato@predcenter.com.br,(13) 3289-3907 | 1332893907 | 17900092583,SP,,base_original
,http://www.prestserp.com.br/,,,SP,,base_original
,http://www.prodexconstrutora.com.br/,,,SP,,base_original
,http://www.proedifica.com.br/,,,SP,,base_original
Empresa,http://www.puddoconstrutora.com.br/,bootstrap@5.1.3,(13) 3474-1919 | 1655858160 | 1671128756,SP,,base_original
Empresa,http://www.puddoconstrutora.com.br/,puddoconstrutora@gmail.com,(13) 3474-1919 | 1655858160 | 1671128756,SP,,base_original
,http://www.rdcconstrutora.com.br/,,(12) 3943-7777 | (99) 9999-9999 | 11778172276,SP,,base_original
Empresa,http://www.rfm.com.br/,aos@2.3.1,01121328900 | 01121328939 | 10008651671,SP,,base_original
Empresa,http://www.rfm.com.br/,comercial@rfm.com.br,01121328900 | 01121328939 | 10008651671,SP,,base_original
Empresa,http://www.rfm.com.br/,relacionamento@rfm.com.br,01121328900 | 01121328939 | 10008651671,SP,,base_original
Empresa,http://www.gomeseferreiraconstrutora.com.br/,vendas@gomeseferreiraconstrutora.com.br,(13) 3471-3330 | (13) 3591-8033 | (13) 99183-0576,SP,,base_original
Empresa,http://www.gomeseferreiraconstrutora.com.br/,core-js-bundle@3.2.1,(13) 3471-3330 | (13) 3591-8033 | (13) 99183-0576,SP,,base_original
Empresa,http://www.gomeseferreiraconstrutora.com.br/,focus-within-polyfill@5.0.9,(13) 3471-3330 | (13) 3591-8033 | (13) 99183-0576,SP,,base_original
Empresa,http://www.rgoncalvesconstrutora.com.br/,atendimento@rgoncalvesconstrutora.com.br,(13) 3481-3126 | (13) 3596-4891,SP,,base_original
Empresa,http://www.rgoncalvesconstrutora.com.br/,contato@rgoncalvesconstrutora.com.br,(13) 3481-3126 | (13) 3596-4891,SP,,base_original
Empresa,http://www.rgoncalvesconstrutora.com.br/,vendas@rgoncalvesconstrutora.com.br,(13) 3481-3126 | (13) 3596-4891,SP,,base_original
Empresa,http://www.rpaconstrutora.com.br/,ajax-loader@2x.gif,01480283439 | 15755025009 | 15755029967,SP,,base_original
Empresa,http://www.rpaconstrutora.com.br/,rpa@rpaconstrutora.com.br,01480283439 | 15755025009 | 15755029967,SP,,base_original
,http://www.ramossales.com.br/,,,SP,,base_original
Empresa,http://www.remconstrutora.com.br/,fernanda@bureauideias.com.br,01138725183 | 11 3872-5183 | 11 4506-3181,SP,,base_original
Empresa,http://www.remconstrutora.com.br/,marcelo@bureauideias.com.br,01138725183 | 11 3872-5183 | 11 4506-3181,SP,,base_original
Empresa,http://www.rioconstrutora.com.br/,contato@rioconstrutora.com.br,(19) 3254-4114 | (19) 99113-7945 | 1628623431,SP,,base_original
,http://www.rocaz.com.br/,,,SP,,base_original
,http://www.smmconstrutora.com.br/,,(16) 3630-4666 | 14810253715 | 14836352874,SP,,base_original
,http://www.saldanhaconstrutora.com.br/,,,SP,,base_original
,http://www.searomconstrutora.com.br/,,,SP,,base_original
Empresa,http://www.setterconstrutora.com.br/,setter@setterconstrutora.com.br,(11) 94739-9098 | 10005140865 | 11464930833,SP,,base_original
Empresa,http://www.setterconstrutora.com.br/,setterconstrutora@gmail.com,(11) 94739-9098 | 10005140865 | 11464930833,SP,,base_original
,http://www.shalonconstrutora.com.br/,,,SP,,base_original
Empresa,http://www.sigmaconstrutora.com.br/,fernando@sigmaconstrutora.com.br,(12) 99206-5168 | 15235193473 | 30312109265,SP,,base_original
,http://www.solincorporadora.com.br/,,,SP,,base_original
,http://www.solucaoconstrutora.com.br/,,,SP,,base_original
Empresa,http://www.slconstrutora.com.br/,contato@slconstrutora.com.br,(11) 3723-2050,SP,,base_original
,http://www.srfincorporadora.com.br/,,,SP,,base_original
,http://www.tecnocalconstrutora.com.br/,,,SP,,base_original
,http://www.tiberio.com.br/,,(11) 3051-9960 | (11) 3051-9999 | 1780764945,SP,,base_original
,http://www.toledoferrari.com.br/,,8469991522,SP,,base_original
,http://www.jetcasa.com.br/,,16610468413 | 1743539909 | 1775829181,SP,,base_original
,http://www.twconstrutora.com.br/,,,SP,,base_original
,http://www.uniforteam.com.br/,,2147483647,SP,,base_original
,http://www.vial.com.br/,,,SP,,base_original
Empresa,http://www.construtoragallo.com.br/,contato@construtoragallo.com.br,(19) 3013-0678 | (19) 99820-6283 | 55199982062,SP,,base_original
,http://www.construtoravinocur.com.br/,,(11) 4193-4500 | 09078791033,SP,,base_original
,http://www.vivent.com.br/,,,SP,,base_original
,http://www.weagconstrutora.com.br/,,,SP,,base_original
Empresa,http://www.wnconstrutora.com.br/,js@0.2.81,1707920312 | 17229687053 | 44455354000,SP,,base_original
Empresa,http://www.wnconstrutora.com.br/,slick-carousel@1.8.1,1707920312 | 17229687053 | 44455354000,SP,,base_original
Empresa,http://www.wpconstrutora.com.br/,wpconstrutora@wpconstrutora.com.br,(16) 99438-7676 | 16357293045 | 1755681867,SP,,base_original
Empresa,metaconstrutor.app.br,matheusnicolas.org@gmail.com,,SP,,base_original
A C H Engenharia Construtora,http://www.ach.com.br,,,SP,São Paulo,prospeccao_construtorasbrasil
Absoluta Construtora e Incorporadora,http://www.absolutaconstrutora.com.br,,,SP,São Bernardo do Campo,prospeccao_construtorasbrasil
Ademir Fresca Construtora Incorporadora,http://www.ademirfresca.com.br,,,SP,Taubaté,prospeccao_construtorasbrasil
Aires construtora,http://www.airesimoveis.com.br,,,SP,Praia Grande,prospeccao_construtorasbrasil
Alfatech Construtora,http://www.alfatechconstrutora.com.br,,,SP,São Paulo,prospeccao_construtorasbrasil
Aliança Construtora,http://www.aliancaconstrutora.com.br,,,SP,Santos,prospeccao_construtorasbrasil
Argos Construtora e Arquitetura Ltda,http://www.arquitetoaquiles.com.br,,,SP,Americana,prospeccao_construtorasbrasil
AUREA CONSTRUTORA,http://www.aureaconstrutora.com.br,,,SP,Paulínia,prospeccao_construtorasbrasil
BAOS ARQUITETURA E CONSTRUTORA,http://www.baos.com.br,,,SP,São Carlos,prospeccao_construtorasbrasil
Barbieri Construtora e Incorporadora Ltda.,http://www.barbiericonstrutora.com.br,,,SP,Bertioga,prospeccao_construtorasbrasil
Caf Construtora Comércio,http://www.cafconstrutora.com.br,,,SP,Sertãozinho,prospeccao_construtorasbrasil
Casas e Casas Construtora,http://www.casasecasasconstrutora.com.br,,,SP,Mogi das Cruzes,prospeccao_construtorasbrasil
Caso Construtora Ltda,http://www.casoconstrutora.com.br,,,SP,São José do Rio Preto,prospeccao_construtorasbrasil
Cataguá Construtora,http://www.catagua.com.br,,,SP,Piracicaba,prospeccao_construtorasbrasil
Cem Dez Construtora,http://www.cemdezconstrutora.com.br,,,SP,Bragança Paulista,prospeccao_construtorasbrasil
Cisa Construtora e Incorporadora,http://www.cisa.com.br,,,SP,São José dos Campos,prospeccao_construtorasbrasil
Comercial Construtora PPR Ltda,http://www.construtorappr.com.br,,,SP,São Paulo,prospeccao_construtorasbrasil
Comercial Construtora Prohidro,http://www.prohidro.com,,,SP,Sorocaba,prospeccao_construtorasbrasil
Coneleste Construtora,http://www.conelesteconstrutora.com.br,,,SP,São José dos Campos,prospeccao_construtorasbrasil
Conepura Construtora Incorporadora,http://www.conepura.com.br,,,SP,São José dos Campos,prospeccao_construtorasbrasil
Constilo Construtora,http://www.constilo.com.br,,,SP,Campinas,prospeccao_construtorasbrasil
Constroem S/A Construtora Empreendimentos,http://www.constroem.com.br,,,SP,Taubaté,prospeccao_construtorasbrasil
Construlemes Construtora,http://www.construlemes.com.br,,,SP,Bragança Paulista,prospeccao_construtorasbrasil
Construmoura Construtora Empreendimentos,http://www.construmoura.com.br,,,SP,Mongaguá,prospeccao_construtorasbrasil
Construtora Alto Astral,http://www.construtoraaltoastral.com.br,,,SP,Praia Grande,prospeccao_construtorasbrasil
Construtora Anastácio,http://www.anastacio.com.br,,,SP,Osasco,prospeccao_construtorasbrasil
Construtora Angra,http://www.construtoraangra.com.br,,,SP,Santos,prospeccao_construtorasbrasil
Alcon Construtora,http://www.alconconstrutora.com.br,,,RJ,Rio de Janeiro,prospeccao_construtorasbrasil
Bacos Construtora,http://www.bacosconstrutora.com.br,,,RJ,Niterói,prospeccao_construtorasbrasil
C O N A S A Construtora,http://www.conasa.com.br,,,RJ,Rio de Janeiro,prospeccao_construtorasbrasil
CALL Construtora Alves Lopes,http://www.call-construtora.com.br,,,RJ,Niterói,prospeccao_construtorasbrasil
Cohani-construtora Haim Nigri,http://www.cohani.com.br,,,RJ,Rio de Janeiro,prospeccao_construtorasbrasil
Conscam-construtora Campos Ltda,http://www.conscam.com.br,,,RJ,Campos dos Goytacazes,prospeccao_construtorasbrasil
Constant Construtora,http://www.constantconstrutora.com.br,,,RJ,Rio de Janeiro,prospeccao_construtorasbrasil
Construtora Affonseca Internacional,http://www.affonseca.com.br,,,RJ,Rio de Janeiro,prospeccao_construtorasbrasil
Construtora Algarve,http://www.algarve.com.br,,,RJ,Teresópolis,prospeccao_construtorasbrasil
Construtora Cortein,http://www.cortein.com.br,,,RJ,Petrópolis,prospeccao_construtorasbrasil
Construtora Entre os Rios Ltda,http://www.entreosrios.com.br,,,RJ,Rio de Janeiro,prospeccao_construtorasbrasil
Construtora F Rozental,http://www.gruporozental.com.br,,,RJ,Rio de Janeiro,prospeccao_construtorasbrasil
Construtora Fernandes Maciel,http://www.fernandesmaciel.com.br,,,RJ,Niterói,prospeccao_construtorasbrasil
Construtora Internacional,http://www.construtorainternacional.com.br,,,RJ,Rio de Janeiro,prospeccao_construtorasbrasil
Construtora Madel Ltda,http://www.construtoramadel.com.br,,,RJ,Niterói,prospeccao_construtorasbrasil
Construtora Monjardim Marques,http://www.monjardimconstrucoes.com.br,,,RJ,Rio de Janeiro,prospeccao_construtorasbrasil
Construtora Mont Serrat,http://www.montserrat.com.br,,,RJ,Rio de Janeiro,prospeccao_construtorasbrasil
Construtora Muniz Albuquerque,http://www.munizalbuquerque.com.br,,,RJ,Rio de Janeiro,prospeccao_construtorasbrasil
Construtora Quartzo,http://www.construtoraquartzo.com.br,,,RJ,Maricá,prospeccao_construtorasbrasil
Construtora RC BOTELHO,http://www.rcbotelho.com.br,,,RJ,Amendoeira,prospeccao_construtorasbrasil
Construtora Rocha de Almeida,http://www.rochaalmeida.com.br,,,RJ,Rio de Janeiro,prospeccao_construtorasbrasil
Construtora Saimel,http://www.saimel.com.br,,,RJ,Rio de Janeiro,prospeccao_construtorasbrasil
Construtora Santa Cecília,http://www.santacecilia.net,,,RJ,Rio de Janeiro,prospeccao_construtorasbrasil
Construtora Santa Isabel,http://www.csisabel.com.br,,,RJ,Rio de Janeiro,prospeccao_construtorasbrasil
Construtora São Bento,http://www.construtorasaobento.com.br,,,RJ,Rio de Janeiro,prospeccao_construtorasbrasil
CONSTRUTORA SOLIDUM LTDA,http://www.solidum.com.br,,,RJ,Petrópolis,prospeccao_construtorasbrasil
Construtora Tardock,http://www.tardock.com.br,,,RJ,Nova Friburgo,prospeccao_construtorasbrasil
Construtora Terreng,http://www.terreng.com.br,,,RJ,Rio de Janeiro,prospeccao_construtorasbrasil
Construtora Total | Construção | Reformas | Rio de Janeiro | RJ,http://www.construtoratotal.com.br,,,RJ,Duque de Caxias,prospeccao_construtorasbrasil
Construtora Volendam,http://www.construtoravolendam.com.br,,,RJ,Cabo Frio,prospeccao_construtorasbrasil
ATR Mais - Construtora,http://www.atrmais.com.br,,,MG,Lavras,prospeccao_construtorasbrasil
AVW Construtora Ltda,http://www.avwconstrutora.com.br,,,MG,Belo Horizonte,prospeccao_construtorasbrasil
C e A Construtora,http://www.construtoracea.com.br,,,MG,Uberlândia,prospeccao_construtorasbrasil
CBM - Construtora Barbosa Mello,http://www.barbosamello.com.br,,,MG,Belo Horizonte,prospeccao_construtorasbrasil
CCN Construtora Cidade Nova Ltda,http://www.grupoccn.com.br,,,MG,Patrocínio,prospeccao_construtorasbrasil
CNT-Construtora Novo Tempo Ltda,http://www.grupocnt.com.br,,,MG,Belo Horizonte,prospeccao_construtorasbrasil
Collem Construtora Mohallem,http://www.collem.com.br,,,MG,Belo Horizonte,prospeccao_construtorasbrasil
Concretizar Construtora Ltda,http://www.concretizarconstrutora.com.br,,,MG,Caiçara,prospeccao_construtorasbrasil
Conda Construtora Daher Ltda,http://www.condaeng.com.br,,,MG,Belo Horizonte,prospeccao_construtorasbrasil
CONEL CONSTRUTORA LTDA,http://www.conel.com.br,,,MG,Uberlândia,prospeccao_construtorasbrasil
Conmar Construtora,http://www.construtoraconmar.com.br,,,MG,Nova Lima,prospeccao_construtorasbrasil
Constral Construtora Araujo LTDA.,http://www.constralminas.com.br,,,MG,Araguari,prospeccao_construtorasbrasil
Construfel Construtora Ferroviária Ltda,http://www.construfelconstrutora.com.br,,,MG,Belo Horizonte,prospeccao_construtorasbrasil
Construtora 2A Ltda,http://www.construtora2a.com.br,,,MG,Brumadinho,prospeccao_construtorasbrasil
Construtora Addy Magalhães,http://www.addymagalhaes.com.br,,,MG,Belo Horizonte,prospeccao_construtorasbrasil
Construtora Agata Ltda,http://www.construtoraagata.com.br,,,MG,Belo Horizonte,prospeccao_construtorasbrasil
Construtora Agmar,http://www.agmar.com.br,,,MG,Belo Horizonte,prospeccao_construtorasbrasil
Construtora Almeida Costa,http://www.construtoraalmeidacosta.com.br,,,MG,Belo Horizonte,prospeccao_construtorasbrasil
Construtora Alterosa,http://www.construtoraalterosa.com.br,,,MG,Carangola,prospeccao_construtorasbrasil
Construtora Altti,http://www.altti.com.br,,,MG,Belo Horizonte,prospeccao_construtorasbrasil
Construtora Andrade Gutierrez,http://www.andradegutierrez.com.br,,,MG,Belo Horizonte,prospeccao_construtorasbrasil
Construtora Ápice,http://www.construtoraapice.com.br,,,MG,Itabira,prospeccao_construtorasbrasil
Construtora Apo Ltda,http://www.apoconstrutora.com.br,,,MG,Belo Horizonte,prospeccao_construtorasbrasil
Construtora Araújo Lima,http://www.araujolima.com,,,MG,Belo Horizonte,prospeccao_construtorasbrasil
Construtora Arco,http://www.construtoraarco.com.br,,,MG,Passos,prospeccao_construtorasbrasil
Construtora ARPHE,http://www.construtoraarphe.com.br,,,MG,Pitangui,prospeccao_construtorasbrasil
Construtora Atrium,http://www.construtoraatrium.com.br,,,MG,Serra Del Rei,prospeccao_construtorasbrasil
Construtora Bge Ltda,http://www.construtorabge.com.br,,,MG,Itaúna,prospeccao_construtorasbrasil
Construtora Brasil,http://www.ecbsa.com.br,,,MG,Belo Horizonte,prospeccao_construtorasbrasil
Agata Construtora e Incorporadora,http://www.agataconstrutora.com.br,,,ES,Vitória,prospeccao_construtorasbrasil
Barbosa Barros Construtora e Incorporadora,http://www.barbosabarros.com.br,,,ES,Vila Velha,prospeccao_construtorasbrasil
CBC Construtora,http://www.cbcconstrutora.com.br,,,ES,Riacho,prospeccao_construtorasbrasil
Construtora Abaurre Ltda,http://www.abaurre.com.br,,,ES,Vitória,prospeccao_construtorasbrasil
Construtora Arpa e Serviços Ltda,http://www.construtoraarpa.com.br,,,ES,Colatina,prospeccao_construtorasbrasil
Construtora Capitânia,http://www.construtoracapitania.com.br,,,ES,Vitória,prospeccao_construtorasbrasil
Construtora Épura,http://www.construtoraepura.com,,,ES,Vitória,prospeccao_construtorasbrasil
Construtora P J Ltda,http://www.construtorapj.com.br,,,ES,Colatina,prospeccao_construtorasbrasil
Construtora Sá Cavalcante Ltda,http://www.sacavalcante.com.br,,,ES,Vitória,prospeccao_construtorasbrasil
Construtora Secchim Meira,http://www.smconstrutora.com.br,,,ES,Guarapari,prospeccao_construtorasbrasil
Construtora Viga,http://www.vigaconstrutora.com.br,,,ES,Vitória,prospeccao_construtorasbrasil
Francavilla Construtora e Incorporadora Ltda,http://www.francavilla.com.br,,,ES,Vitória,prospeccao_construtorasbrasil
Galwan Construtora e Incorporadora Ltda.,http://www.galwan.com.br,,,ES,Vila Velha,prospeccao_construtorasbrasil
Javé Construtora e Incorporadora - Construtora em Vila Velha - ES,http://www.javeconstrutora.com.br,,,ES,Vila Velha,prospeccao_construtorasbrasil
Marca Construtora e Serviços Ltda.,http://www.marcaambiental.com.br,,,ES,Cariacica,prospeccao_construtorasbrasil
Mazzini Gomes Construtora e Incorporadora Ltda,http://www.mazzinigomes.com.br,,,ES,Vitória,prospeccao_construtorasbrasil
Morar Construtora e Incorp-Setor de Vendas,http://www.morar.com,,,ES,Vitória,prospeccao_construtorasbrasil
S. Franco Construtora Ltda,http://www.sfranco.com.br,,,ES,Vitória,prospeccao_construtorasbrasil
Signus Construtora,http://www.signusconstrutora.com.br,,,ES,Vitória,prospeccao_construtorasbrasil
Tuma Construtora e Incorporadora,http://www.tmaconstrutora.com.br,,,ES,Vitória,prospeccao_construtorasbrasil
Vargas Construtora Ltda,http://www.vargasconstrutora.com.br,,,ES,Guarapari,prospeccao_construtorasbrasil
2z Construtora,http://www.doisz.com.br,,,RS,Bento Gonçalves,prospeccao_construtorasbrasil
Angulo Construtora Drywall And Steel Frane,http://www.anguloconstrutora.com.br,,,RS,Porto Alegre,prospeccao_construtorasbrasil
Bes Construtora e Incorporadora Ltda,http://www.besconstrutora.com.br,,,RS,Porto Alegre,prospeccao_construtorasbrasil
BWB Construtora e Incorporadora Ltda,http://www.bwbincorporadora.com.br,,,RS,Caxias do Sul,prospeccao_construtorasbrasil
Clave Construtora,http://www.clave.com.br,,,RS,Porto Alegre,prospeccao_construtorasbrasil
COASE Construtora e Incorporadora Ltda.,http://www.construtoracoase.com.br,,,RS,Santa Maria,prospeccao_construtorasbrasil
Construbras Construtora de Obras Rodoviárias Ltda,http://www.construbras-rs.com.br,,,RS,Barra Funda,prospeccao_construtorasbrasil
Construir Construtora e Incorporadora Ltda,http://www.construirconstrutora.com.br,,,RS,Constantina,prospeccao_construtorasbrasil
Construtora Arquisul,http://www.arquisul.com.br,,,RS,Porto Alegre,prospeccao_construtorasbrasil
Construtora Badalotti Ltda,http://www.construtorabadalotti.com.br,,,RS,Erechim,prospeccao_construtorasbrasil
Construtora Baldasso Ltda,http://www.baldasso.com.br,,,RS,Porto Alegre,prospeccao_construtorasbrasil
Construtora Bonauer Ltda,http://www.bonauer.com.br,,,RS,Caxias do Sul,prospeccao_construtorasbrasil
Construtora Casa da Montanha,http://www.construtoracasadamontanha.com.br,,,RS,Gramado,prospeccao_construtorasbrasil
Construtora Cattaneo Ltda,http://www.cattaneo.com.br,,,RS,Cruz Alta,prospeccao_construtorasbrasil
Construtora Damian,http://www.construtoradamian.com.br,,,RS,Santiago,prospeccao_construtorasbrasil
Construtora de Telhados (51)3541-4595(Orçamento Gratuíto) Porto Alegre,http://www.rstelhados.com.br,,,RS,Porto Alegre,prospeccao_construtorasbrasil
Construtora Dib e Dib,http://www.dibdib.com.br,,,RS,Porto Alegre,prospeccao_construtorasbrasil
Construtora e Incorporadora Canova,http://www.canova-rs.com.br,,,RS,Passo Fundo,prospeccao_construtorasbrasil
Construtora e Incorporadora Colúmbia,http://www.ci-columbia.com.br,,,RS,Esteio,prospeccao_construtorasbrasil
Construtora e Incorporadora Dalposso,http://www.dalposso.com.br,,,RS,Tapejara,prospeccao_construtorasbrasil
Construtora e Urbanizadora Rech Ltda,http://www.construtorarech.com.br,,,RS,Santa Cruz do Sul,prospeccao_construtorasbrasil
ABDO Construtora,http://www.abdoconstrutora.com.br,,,SC,Itajaí,prospeccao_construtorasbrasil
AJMS Construtora Ltda,http://www.ajms.com.br,,,SC,São José,prospeccao_construtorasbrasil
Álamo Construtora e Incorporadora,http://www.alamoconstrutora.com.br,,,SC,Florianópolis,prospeccao_construtorasbrasil
ALM Construtora Ltda,http://www.almconstrutora.com.br,,,SC,São José,prospeccao_construtorasbrasil
Aloha - Construtora e Incorporadora Thá,http://www.tha.com.br,,,SC,Itajaí,prospeccao_construtorasbrasil
ARS Kammer Construtora,http://www.arskammerconstrutora.com.br,,,SC,São João Batista,prospeccao_construtorasbrasil
Bencke Construtora,http://www.benckeconstrutora.com.br,,,SC,Itapema,prospeccao_construtorasbrasil
Cativa Construtora e Incorporadora Ltda,http://www.passe.com.br,,,SC,Itajaí,prospeccao_construtorasbrasil
CHC Construtora,http://www.hrcerta.com.br,,,SC,Joinville,prospeccao_construtorasbrasil
CNA Construtora e Incorporadora Ltda.,http://www.cnaconstrutora.com.br,,,SC,Itapema,prospeccao_construtorasbrasil
CONFER-Construtora Fernandes Ltda,http://www.virtualiza.net,,,SC,Criciúma,prospeccao_construtorasbrasil
Construbrás Construtora de Galpões,http://www.construbrassc.com.br,,,SC,Florianópolis,prospeccao_construtorasbrasil
Construpema Construtora e Incorporadora,http://www.construpema.com.br,,,SC,Joinville,prospeccao_construtorasbrasil
Construtora Arthur Silveira,http://www.arthursilveira.com.br,,,SC,Florianópolis,prospeccao_construtorasbrasil
Construtora Baiano,http://www.construtorabaiano.com.br,,,SC,Urussanga,prospeccao_construtorasbrasil
Construtora Barbosa Moura,http://www.barbosamoura.com.br,,,SC,Tubarão,prospeccao_construtorasbrasil
Construtora e Incorporadora AMC Ltda,http://www.amcconstrutora.com.br,,,SC,São José,prospeccao_construtorasbrasil
Construtora e Incorporadora Correia,http://www.construtoracorreia.com.br,,,SC,Joinville,prospeccao_construtorasbrasil
Construtora e Incorporadora Jaraguá do Sul,http://www.construtorajaragua.com.br,,,SC,Jaraguá do Sul,prospeccao_construtorasbrasil
Construtora e Incorporadora JCL Ltda,http://www.jlc.com.br,,,SC,Itapema,prospeccao_construtorasbrasil
Construtora E Incorporadora Leonel Ltda,http://www.cill.com.br,,,SC,Balneário Piçarras,prospeccao_construtorasbrasil
Construtora e Incorporadora Lombarda,http://www.lombarda.com.br,,,SC,Balneário Camboriú,prospeccao_construtorasbrasil
Construtora Fetz,http://www.fetz.com.br,,,SC,Videira,prospeccao_construtorasbrasil
Construtora Forlin,http://www.forlin.com.br,,,SC,Videira,prospeccao_construtorasbrasil
Construtora Fraga Ltda,http://www.construtorafraga.com.br,,,SC,São Ludgero,prospeccao_construtorasbrasil
Construtora Hahne,http://www.hahne.com.br,,,SC,Jaraguá do Sul,prospeccao_construtorasbrasil
Construtora Holz,http://www.construtoraholz.com.br,,,SC,Itajaí,prospeccao_construtorasbrasil
Construtora Incorporadora J A Russi Ltda,http://www.jarussi.com.br,,,SC,Itapema,prospeccao_construtorasbrasil
A Silva Construtora,http://www.asilva.eng.br,,,PR,Maringá,prospeccao_construtorasbrasil
Bucagrans Construtora de Obras Ltda,http://www.bucagrans.com.br,,,PR,Curitiba,prospeccao_construtorasbrasil
CARAVAGGIO CONSTRUTORA LTDA,http://www.caravaggio.net.br,,,PR,Cascavel,prospeccao_construtorasbrasil
Central de Vendas Construtora Bastian e Lora,http://www.bastianelora.com,,,PR,Cascavel,prospeccao_construtorasbrasil
CGL Construtora,http://www.cgl.com.br,,,PR,Curitiba,prospeccao_construtorasbrasil
Construtora Abapan,http://www.abapan.com.br,,,PR,Cascavel,prospeccao_construtorasbrasil
Construtora Ampla,http://www.amplaconstrutora.com.br,,,PR,Rolândia,prospeccao_construtorasbrasil
Construtora Arce,http://www.arce.com.br,,,PR,Curitiba,prospeccao_construtorasbrasil
Construtora Baggio Silveira Ltda,http://www.baggiosilveira.com.br,,,PR,Ponta Grossa,prospeccao_construtorasbrasil
Construtora BBrasil,http://www.bbrasilconstrutora.com.br,,,PR,Ponta Grossa,prospeccao_construtorasbrasil
Construtora Bela Vista,http://www.construtorabelavista.com.br,,,PR,Curitiba,prospeccao_construtorasbrasil
Construtora Cidade Bella,http://www.cidadebela.eng.br,,,PR,Toledo,prospeccao_construtorasbrasil
Construtora Cidade Verde,http://www.construtoracidadeverde.com.br,,,PR,Maringá,prospeccao_construtorasbrasil
Construtora Cobec,http://www.cobec.com.br,,,PR,Curitiba,prospeccao_construtorasbrasil
Construtora Drabik,http://www.drabik.com.br,,,PR,Cascavel,prospeccao_construtorasbrasil
Construtora e Incorporadora J L Massaro,http://www.jlmassaro.com.br,,,PR,Londrina,prospeccao_construtorasbrasil
Construtora e Incorporadora Vincere,http://www.vincereconstrutora.com.br,,,PR,Curitiba,prospeccao_construtorasbrasil
Construtora Elevação,http://www.construtoraelevacao.com.br,,,PR,Curitiba,prospeccao_construtorasbrasil
Construtora Elite,http://www.construtoraelite.com.br,,,PR,Curitiba,prospeccao_construtorasbrasil
Construtora Fontanive,http://www.fontanive.com.br,,,PR,Curitiba,prospeccao_construtorasbrasil
Construtora Giacomazzi,http://www.giacomazzi.com.br,,,PR,Curitiba,prospeccao_construtorasbrasil
Construtora Golpar,http://www.golpar.com.br,,,PR,Curitiba,prospeccao_construtorasbrasil
Construtora Gotardo Ltda,http://www.construtoragotardo.com.br,,,PR,Cascavel,prospeccao_construtorasbrasil
Construtora Guaraenge Ltda,http://www.guaraenge.com.br,,,PR,Guarapuava,prospeccao_construtorasbrasil
Construtora Guetter,http://www.guetter.com.br,,,PR,Curitiba,prospeccao_construtorasbrasil
CONSTRUTORA HERRERO ARRABAL,http://www.herreroarrabal.com.br,,,PR,Londrina,prospeccao_construtorasbrasil
Construtora Horikawa,http://www.horikawa.com.br,,,PR,Cascavel,prospeccao_construtorasbrasil
Construtora J Gomes,http://www.construtorajgomes.com.br,,,PR,Maringá,prospeccao_construtorasbrasil
Construtora Jaw,http://www.construtorajaw.com.br,,,PR,Curitiba,prospeccao_construtorasbrasil
Bauhaus Construtora,http://www.construtorabauhaus.com.br,,,BA,Salvador,prospeccao_construtorasbrasil
Coinpe Construtora,http://www.coinpe.com.br,,,BA,Paulo Afonso,prospeccao_construtorasbrasil
Construtora Barcino Esteves,http://www.barcinoesteve.com.br,,,BA,Salvador,prospeccao_construtorasbrasil
Construtora Celi,http://www.celi.com.br,,,BA,Salvador,prospeccao_construtorasbrasil
Construtora e Incorporadora Espaço R2,http://www.espacor2.com.br,,,BA,Salvador,prospeccao_construtorasbrasil
Construtora Farol,http://www.construtorafarol.com.br,,,BA,Salvador,prospeccao_construtorasbrasil
Construtora Ferreira Lima,http://www.cflconstrutora.com.br,,,BA,Feira de Santana,prospeccao_construtorasbrasil
Construtora Incorporadora Módulo Ltda,http://www.construtoramodulo.com.br,,,BA,Salvador,prospeccao_construtorasbrasil
Construtora Link,http://www.construtoralink.com.br,,,BA,Salvador,prospeccao_construtorasbrasil
Construtora NM Ltda,http://www.construtoranm.com.br,,,BA,Salvador,prospeccao_construtorasbrasil
Construtora Outeiro,http://www.construtoraouteiro.com.br,,,BA,Porto Seguro,prospeccao_construtorasbrasil
Construtora Pablo,http://www.construtorapablo.com.br,,,BA,Salvador,prospeccao_construtorasbrasil
Costa Andrade Construtora,http://www.costaandrade.com.br,,,BA,Salvador,prospeccao_construtorasbrasil
CPL Construtora,http://www.cplconstrutora.com.br,,,BA,Salvador,prospeccao_construtorasbrasil
CTL Construtora Teixeira Luz,http://www.ctlssa.com.br,,,BA,Salvador,prospeccao_construtorasbrasil
Dipawa Nordeste Indústria Comércio e Construtora Ltda,http://www.dipawa.com.br,,,BA,Simões Filho,prospeccao_construtorasbrasil
Falcão Construtora,http://www.falcaoconstrutora.com.br,,,BA,Salvador,prospeccao_construtorasbrasil
MFP Construtora LTDA,http://www.mfpconstrutora.com.br,,,BA,Salvador,prospeccao_construtorasbrasil
MVS Construtora,http://www.mvsconstrutora.com.br,,,BA,Salvador,prospeccao_construtorasbrasil
Construtora Cunha,http://www.construtoracunha.com.br,,,SE,Aracaju,prospeccao_construtorasbrasil
Construtora Empe,http://www.empe.com.br,,,SE,Aracaju,prospeccao_construtorasbrasil
Construtora J J,http://www.construtorajj.com.br,,,SE,Aracaju,prospeccao_construtorasbrasil
Almeida Camargo Construtora e Incorporadora Ltda,http://www.almeidacamargo.eng.br,,,PE,Olinda,prospeccao_construtorasbrasil
Boa Vista Construtora e Incorporadora,http://www.bvconstrutora.com.br,,,PE,Recife,prospeccao_construtorasbrasil
CA3 Construtora,http://www.ca3construtora.com.br,,,PE,Recife,prospeccao_construtorasbrasil
Castro Neves Construtora Ltda,http://www.castronevesconstrutora.com.br,,,PE,Recife,prospeccao_construtorasbrasil
COL Engenharia - Construtora Oliveira Lacerda,http://www.colengenharia.com.br,,,PE,Recife,prospeccao_construtorasbrasil
Conlar-construtora Lar Ltda,http://www.conlarconstrutora.com.br,,,PE,Recife,prospeccao_construtorasbrasil
Construtora A.C.Cruz,http://www.accruz.com.br,,,PE,Recife,prospeccao_construtorasbrasil
Construtora Araújo e Lima,http://www.araujoelima.com.br,,,PE,Jaboatão dos Guararapes,prospeccao_construtorasbrasil
Construtora Baptista Leal Madalena,http://www.baptistaleal.com.br,,,PE,Recife,prospeccao_construtorasbrasil
Construtora Carajás Ltda,http://www.construtoracarajas.com.br,,,PE,Recife,prospeccao_construtorasbrasil
Construtora Carrilho Ltda,http://www.carrilho.com.br,,,PE,Recife,prospeccao_construtorasbrasil
Construtora Casa Alta,http://www.construtoracasaalta.com.br,,,PE,Recife,prospeccao_construtorasbrasil
Construtora Dallas,http://www.construtoradallas.com.br,,,PE,Recife,prospeccao_construtorasbrasil
Construtora e Incorporadora Correia e Peixoto,http://www.correiaepeixoto.com.br,,,PE,Recife,prospeccao_construtorasbrasil
Construtora e Incorporadora M. Lopes,http://www.construtoramlopes.com.br,,,PE,Recife,prospeccao_construtorasbrasil
Construtora e Incorporadora Nassau Ltda,http://www.nassauflex.com.br,,,PE,Recife,prospeccao_construtorasbrasil
CONSTRUTORA ELDORADO LTDA,http://www.construtoraeldorado.com.br,,,PE,Recife,prospeccao_construtorasbrasil
Construtora Fama,http://www.construtorafama.com.br,,,PE,Recife,prospeccao_construtorasbrasil
Construtora Holanda Ltda,http://www.construtoraholanda.com.br,,,PE,Olinda,prospeccao_construtorasbrasil
Construtora Machado Guimares,http://www.machadoguimaraes.com.br,,,PE,Recife,prospeccao_construtorasbrasil
Construtora Padrão,http://www.construtorapadrao.com.br,,,PE,Recife,prospeccao_construtorasbrasil
Construtora Plaza,http://www.bittencourt.com.br,,,PE,Recife,prospeccao_construtorasbrasil
Construtora Ribeiro Lopes Ltda.,http://www.ribeirolopes.com.br,,,PE,Recife,prospeccao_construtorasbrasil
Construtora Santo Antônio,http://www.construtorasantoantonio.com.br,,,PE,Recife,prospeccao_construtorasbrasil
Construtora Soares de Azevedo,http://www.soaresdeazevedo.com.br,,,PE,Recife,prospeccao_construtorasbrasil
Construtora Venâncio Ltda,http://www.grupovenancio.com.br,,,PE,Recife,prospeccao_construtorasbrasil
Construtora Humberto Lobo Ltda,http://www.humbertolobo.com.br,,,AL,Maceió,prospeccao_construtorasbrasil
Construtora Lins Irmãos Ltda,http://www.colil.com.br,,,AL,Maceió,prospeccao_construtorasbrasil
Construtora Penedo Ltda,http://www.construtorapenedo.com.br,,,AL,Maceió,prospeccao_construtorasbrasil
Construtora Placic Ltda,http://www.placic.com.br,,,AL,Maceió,prospeccao_construtorasbrasil
Construtora Brascon,http://www.construtorabrascon.com.br,,,PB,Tambaú,prospeccao_construtorasbrasil
CPL-Construtora Pirâmide,http://www.construtorapiramide.com.br,,,PB,João Pessoa,prospeccao_construtorasbrasil
Fibra Construtora e Incorporadora,http://www.fibraconstrutora.com.br,,,PB,João Pessoa,prospeccao_construtorasbrasil
Syerra Construtora,http://www.syerra.com.br,,,PB,João Pessoa,prospeccao_construtorasbrasil
Construtora Anglo Brasileira,http://www.anglobrasileira.com.br,,,RN,Natal,prospeccao_construtorasbrasil
Construtora Certa,http://www.construtoracerta.com.br,,,RN,Natal,prospeccao_construtorasbrasil
Construtora Hazbun,http://www.hazbun.com.br,,,RN,Natal,prospeccao_construtorasbrasil
Construtora IG Potiguar,http://www.igpotiguar.com.br,,,RN,Natal,prospeccao_construtorasbrasil
Construtora Luiz Costa,http://www.clcconstrutora.com.br,,,RN,Mossoró,prospeccao_construtorasbrasil
Construtora Mendonça Júnior,http://www.mendoncajunior.com.br,,,RN,Natal,prospeccao_construtorasbrasil
Elitim Construtora,http://www.elitim.com.br,,,RN,Natal,prospeccao_construtorasbrasil
Nacional Construtora LTDA,http://www.nacionalconstrutora.com.br,,,RN,Natal,prospeccao_construtorasbrasil
Acopi Construtora,http://www.acopi.com.br,,,CE,Fortaleza,prospeccao_construtorasbrasil
BM Construtora Ltda.,http://www.bm.eng.br,,,CE,Fortaleza,prospeccao_construtorasbrasil
Carneiro de Melo Construtora,http://www.carneirodemelo.com.br,,,CE,Fortaleza,prospeccao_construtorasbrasil
Construtora Attica,http://www.atticaconstrutora.com.br,,,CE,Fortaleza,prospeccao_construtorasbrasil
Construtora Coigma,http://www.coigma.com.br,,,CE,Fortaleza,prospeccao_construtorasbrasil
Construtora colméia,http://www.colmeia.com.br,,,CE,Fortaleza,prospeccao_construtorasbrasil
Construtora Dube,http://www.construtoradube.com.br,,,CE,Fortaleza,prospeccao_construtorasbrasil
Construtora e Incorporadora Exata Ltda,http://www.exataconstrutora.com.br,,,CE,Fortaleza,prospeccao_construtorasbrasil
Construtora Elos Ltda.,http://www.construtoraelos.com,,,CE,Fortaleza,prospeccao_construtorasbrasil
Construtora Engeterra Ltda,http://www.construtoraengeterra.com,,,CE,Fortaleza,prospeccao_construtorasbrasil
Construtora J. Simões,http://www.jsimoes.com.br,,,CE,Fortaleza,prospeccao_construtorasbrasil
Construtora Marte,http://www.cmarte.com.br,,,CE,Fortaleza,prospeccao_construtorasbrasil
Construtora Montenegro Ltda,http://www.construtoramontenegro.com.br,,,CE,Fortaleza,prospeccao_construtorasbrasil
Construtora Morais Vasconcelos Ltda,http://www.cmveng.com.br,,,CE,Fortaleza,prospeccao_construtorasbrasil
Construtora Passarelli Ltda,http://www.passarelli.com.br,,,CE,Fortaleza,prospeccao_construtorasbrasil
Construtora Projec Ltda,http://www.projecconstrutora.com.br,,,CE,Juazeiro do Norte,prospeccao_construtorasbrasil
Construtora Reata,http://www.reata.com.br,,,CE,Fortaleza,prospeccao_construtorasbrasil
Construtora Samaria,http://www.construtorasamaria.com.br,,,CE,Fortaleza,prospeccao_construtorasbrasil
Construtora Tríade Ltda.,http://www.construtoratriade.com.br,,,CE,Fortaleza,prospeccao_construtorasbrasil
CRC-Construtora Raimundo Coelho Ltda,http://www.crcoelho.com.br,,,CE,Fortaleza,prospeccao_construtorasbrasil
JBM Construtora,http://www.jbmconstrutora.com.br,,,CE,Fortaleza,prospeccao_construtorasbrasil
Morefácil Construtora e Incorporadora,http://www.morefacil.com.br,,,CE,Fortaleza,prospeccao_construtorasbrasil
Rede a Construtora,http://www.redeaconstrutora.com.br,,,CE,Morada Nova,prospeccao_construtorasbrasil
Construtora Andrade Júnior,http://www.construtoraandradejunior.com.br,,,PI,Teresina,prospeccao_construtorasbrasil
Construtora Boa Vista Ltda,http://www.construtoraboavista.com.br,,,PI,Teresina,prospeccao_construtorasbrasil
Construtora Hidros Ltda,http://www.construtorahidros.com.br,,,PI,Teresina,prospeccao_construtorasbrasil
Construtora Jurema Ltda,http://www.construtorajurema.com.br,,,PI,Teresina,prospeccao_construtorasbrasil
Construtora Sucesso,http://www.construtorasucesso.com.br,,,PI,Teresina,prospeccao_construtorasbrasil
Construtora Lua Nova Indústria e Comércio,http://www.grupoluanova.com.br,,,MA,São Luís,prospeccao_construtorasbrasil
Engetech Construtora,http://www.engetechconstrutora.com.br,,,MA,São Luís,prospeccao_construtorasbrasil
Construtora Leal Moreira,http://www.lealmoreira.com.br,,,PA,Belém,prospeccao_construtorasbrasil
Dellmoro Construtora,http://www.dellmoro.com.br,,,PA,Paragominas,prospeccao_construtorasbrasil
Linear Construtora,http://www.linearconstrutora.net.br,,,PA,Belém,prospeccao_construtorasbrasil
Servic Construtora,http://www.servic.com.br,,,PA,Castanhal,prospeccao_construtorasbrasil
Construtora Capital S/A,http://www.construtoracapital.com.br,,,AM,Manaus,prospeccao_construtorasbrasil
Construtora J Marques,http://www.jmarquesconstrutora.com.br,,,AM,Manaus,prospeccao_construtorasbrasil
Hoss Construtora,http://www.construtorahoss.com.br,,,AM,Manaus,prospeccao_construtorasbrasil
Construtora Roberto Passarini,http://www.robertopassarini.com.br,,,RO,Porto Velho,prospeccao_construtorasbrasil
Construtora Talismã,http://www.talismaconstrutora.com.br,,,TO,Palmas,prospeccao_construtorasbrasil
Aurora Construtora,http://www.aurora.com.br,,,MT,Cuiabá,prospeccao_construtorasbrasil
CONENGE Construtora,http://www.conengeconstrucao.com.br,,,MT,Cuiabá,prospeccao_construtorasbrasil
Construtora São Benedito Plantão de Vendas,http://www.marcosbiancardini.com.br,,,MT,Centro,prospeccao_construtorasbrasil
Espaço Gerencial - Gerencial Construtora,http://www.gerencialconstrutora.com.br,,,MT,Cuiabá,prospeccao_construtorasbrasil
G7 Construtora,http://www.g7construtora.com.br,,,MT,Cuiabá,prospeccao_construtorasbrasil
Sisan Construtora e Incorporadora Ltda,http://www.sisanengenharia.com.br,,,MT,Cuiabá,prospeccao_construtorasbrasil
Vítisa Construtora,http://www.vitisaconstrutora.com.br,,,MT,Cuiabá,prospeccao_construtorasbrasil
Cobravi Construtora,http://www.cobraviconstrutora.com.br,,,MS,Corumbá,prospeccao_construtorasbrasil
Combase Construtora,http://www.combasedourados.com.br,,,MS,Dourados,prospeccao_construtorasbrasil
Construtora Maksoud Rahe,http://www.maksoudrahe.com.br,,,MS,Campo Grande,prospeccao_construtorasbrasil
Construtora Paulo Barbosa,http://www.cpbconstrutora.eng.br,,,MS,Campo Grande,prospeccao_construtorasbrasil
Engef Construtora e Incorporadora,http://www.engefconstrutora.com.br,,,MS,Dourados,prospeccao_construtorasbrasil
FUNSOLOS CONSTRUTORA E ENGENHARIA LTDA,http://www.funsolos.com.br,,,MS,Campo Grande,prospeccao_construtorasbrasil
TQS Construtora,http://www.tqsconstrutora.com.br,,,MS,Campo Grande,prospeccao_construtorasbrasil
Ábaco Construtora Ltda,http://www.abacoconstrutora.com.br,,,GO,Goiânia,prospeccao_construtorasbrasil
Cal Engenharia - Construtora Alcanfor Ltda,http://www.calengenharia.com.br,,,GO,Goiânia,prospeccao_construtorasbrasil
Cedro Construtora,http://www.cedroconstrutora.com,,,GO,Alexandrina,prospeccao_construtorasbrasil
Consciente Construtora e Incorporadora,http://www.conscienteconstrutora.com.br,,,GO,Goiânia,prospeccao_construtorasbrasil
Construinvest Construtora e Incorporadora,http://www.construinvest.com.br,,,GO,Anápolis,prospeccao_construtorasbrasil
Construtora Água Santa,http://www.aguasantaconstrutora.com.br,,,GO,Goiânia,prospeccao_construtorasbrasil
Construtora Campos,http://www.construtoracampos.com.br,,,GO,Goiânia,prospeccao_construtorasbrasil
Construtora Central do Brasil,http://www.ccbconstrutora.com.br,,,GO,Goiânia,prospeccao_construtorasbrasil
Construtora e Incorporadora Merzian Ltda,http://www.merzian.com.br,,,GO,Goiânia,prospeccao_construtorasbrasil
Construtora Moreira Ortence,http://www.cmoconstrutora.com.br,,,GO,Goiânia,prospeccao_construtorasbrasil
Construtora Romano Barbosa,http://www.romanobarbosa.com.br,,,GO,Goiânia,prospeccao_construtorasbrasil
Construtora Serra Grande,http://www.construtoraserragrande.com.br,,,GO,Goiânia,prospeccao_construtorasbrasil
Engefort Construtora Ltda,http://www.engefortnet.com.br,,,GO,Jardim Novo Mundo,prospeccao_construtorasbrasil
Época Construtora,http://www.epocaconstrutora.com.br,,,GO,Goiânia,prospeccao_construtorasbrasil
Govesa Construtora,http://www.govesa.ind.br,,,GO,Aparecida de Goiânia,prospeccao_construtorasbrasil
Himalaia Construtora Ltda,http://www.himalaia.net.br,,,GO,Goiânia,prospeccao_construtorasbrasil
Innovar Construtora,http://www.innovarconstrutora.com.br,,,GO,Goiânia,prospeccao_construtorasbrasil
JL2 Construtora,http://www.jl2construtora.com.br,,,GO,Goiânia,prospeccao_construtorasbrasil
Lugasa Construtora,http://www.lugasa.com.br,,,GO,Anápolis,prospeccao_construtorasbrasil
Métrica Construtora,http://www.mtkweb.com.br,,,GO,Goiânia,prospeccao_construtorasbrasil
Mpa Construtora Ltda.,http://www.mpaconstrutora.com.br,,,GO,Goiânia,prospeccao_construtorasbrasil
Rodrigues da Cunha Construtora e Incorporadora,http://www.rodriguesdacunha.com.br,,,GO,Lote 5,prospeccao_construtorasbrasil
Teccril Construtora,http://www.teccril.com.br,,,GO,Goiânia,prospeccao_construtorasbrasil
Trípoli Construtora,http://www.tripoliconstrutora.com.br,,,GO,Goiânia,prospeccao_construtorasbrasil
Tecnisa,http://www.tecnisa.com.br,,,DF,Brasília,prospeccao_construtorasbrasil
Sinduscon-SP,https://www.sindusconsp.com.br,,,SP,,prospeccao_profissionais
Sinduscon-MG,http://www.sinduscon-mg.org.br,,,MG,,prospeccao_profissionais
Sinduscon-RJ,http://www.sinduscon-rio.com.br,,,RJ,,prospeccao_profissionais
Sinduscon-PR,http://www.sindusconpr.com.br,,,PR,,prospeccao_profissionais
Sinduscon-RS,http://www.sinduscon-rs.com.br,,,RS,,prospeccao_profissionais
Sinduscon-BA,http://www.sinduscon-ba.com.br,,,BA,,prospeccao_profissionais
Sinduscon-DF,http://www.sinduscondf.org.br/portal/,,,DF,,prospeccao_profissionais
Sinduscon-GO,http://www.sinduscongoias.com.br,,,GO,,prospeccao_profissionais
Sinduscon-CE,http://sindusconce.com.br,,,CE,,prospeccao_profissionais
Sinduscon-PE,http://www.sindusconpe.com.br,,,PE,,prospeccao_profissionais
Sinduscon-ES,http://www.sinduscon-es.com.br,,,ES,,prospeccao_profissionais
Sinduscon-SC (Joinville),http://www.sinduscon-joinville.org.br,,,SC,,prospeccao_profissionais
Sinduscon-PA,http://www.sindusconpa.org.br,,,PA,,prospeccao_profissionais
Sinduscon-AM,http://sinduscon-am.org.br,,,AM,,prospeccao_profissionais
Sinduscon-MA,https://www.sinduscon-ma.com.br,,,MA,,prospeccao_profissionais
Sinduscon-RN,http://sindusconrn.com.br,,,RN,,prospeccao_profissionais
Sinduscon-PB,,,,PB,,prospeccao_profissionais
Sinduscon-AL,http://www.sindicatodaindustria.com.br/sindusconal,,,AL,,prospeccao_profissionais
Sinduscon-SE,http://www.sinduscon-se.com.br,,,SE,,prospeccao_profissionais
Sinduscon-RO,http://www.sindusconro.com.br/site/,,,RO,,prospeccao_profissionais
Sinduscon-AC,http://www.sindicatodaindustria.com.br/sindusconac,,,AC,,prospeccao_profissionais
Sinduscon-AP,http://www.sindicatodaindustria.com.br/sindusconap,,,AP,,prospeccao_profissionais
Sinduscon-RR,http://sinduscon-rr.org.br,,,RR,,prospeccao_profissionais
Sinduscon-MS,http://www.sindusconms.com.br,,,MS,,prospeccao_profissionais
Sinduscon-MT,,,,MT,,prospeccao_profissionais
CBIC,https://cbic.org.br,,,DF,,prospeccao_profissionais
Grupo Avantti,https://www.grupoavantti.com/contato/,comercial@grupoavantti.com,,PR,,prospeccao_profissionais
MT Engenharia,https://mtengenharia.com.br,contato@mtengenharia.com.br,,PR,,prospeccao_profissionais
Construtora Resolucao,https://www.construtoraresolucao.com.br/,adm@construtoraresolucao.com.br,,PR,,prospeccao_profissionais
Artesa Construtora,https://www.artesaconstrutora.com.br/,contato@artesa.eng.br,,PR,,prospeccao_profissionais
Atenas Construtora,https://atenasconstrutora.com.br/contato/,contato@atenasconstrutora.com.br,,PR,,prospeccao_profissionais
Construtora Altar,https://www.construtoraaltar.com.br/,paulo@construtoraaltar.com.br,,PR,,prospeccao_profissionais
Costamar,https://costamar.eng.br/,construtora@costamar.eng.br,,RS,,prospeccao_profissionais
Construl,https://www.construl.com/,atendimento@construl.com,,RS,,prospeccao_profissionais
Duo Construtora,https://duoconstrutora.com.br/contato/,duoconstrutora@duoconstrutora.com.br,,RJ,,prospeccao_profissionais
Construtora Santa Isabel,https://www.csisabel.com.br/,contato@gruposantaisabel.com.br,,RJ,,prospeccao_profissionais
Lytorânea,https://www.lytoranea.com.br/contato,lytoranea@lytoranea.com.br,,RJ,,prospeccao_profissionais
RJ Engenharia,https://www.rjengenharia.com/,contato@rjengenharia.com,,RJ,,prospeccao_profissionais
Cima Construtora,https://cimaconstrutora.com.br/contato/,contato@cimaconstrutora.com.br,,MG,,prospeccao_profissionais
Gouv Engenharia,https://www.gouv.com.br/,contato@gouv.com.br,,MG,,prospeccao_profissionais
Comim Construtora,https://comimconstrutora.com.br/,ouvidoria@comimconstrutora.com.br,,MG,,prospeccao_profissionais
Estrutural EC,https://estruturalec.com.br/contato,estruturalengenharia@estruturalec.com.br,,MG,,prospeccao_profissionais
Construtora Terraco,https://construtoraterraco.com.br/contato/,terraco@construtoraterraco.com.br,,MG,,prospeccao_profissionais
Eliger Construtora,https://www.eliger.com.br/contato/,eliger@eliger.com.br,,MG,,prospeccao_profissionais
Edge Construtora,https://www.edgeconstrutora.com.br/contato,contato@edgeconstrutora.com.br,,SP,,prospeccao_profissionais
Construtora Santa Helena,https://www.construtorasantahelena.com.br/contato/,atendimento@construtorasantahelena.com.br,,PR,,prospeccao_profissionais
Consorcio Nova Genesis,,cadastro@passarelli.com.br,,SP,,prospeccao_profissionais
Empreiteira Araujo & Soares Ltda,,andrea.alpha12@gmail.com,,SP,,prospeccao_profissionais
Max Construcoes E Reformas Ltda,,nilson@maxconstrucoes.com.br,,SP,,prospeccao_profissionais
Antonio Luis Puglia Ltda.,,puglia@pumapmp.com.br,,SP,,prospeccao_profissionais
Mts Obras E Estandes Ltda,,contatomts@outlook.com.br,,SP,,prospeccao_profissionais
Reveste Construcoes Ltda,,etecsp@terra.com.br,,SP,,prospeccao_profissionais
Consorcio De Urbanizacao Embu Das Artes,,helio.sciascia@curb.com.br,,SP,,prospeccao_profissionais
Paifer,,felcon@bol.com.br,,SP,,prospeccao_profissionais
Construmeg Incorporacoes E Servicos Ltda,,ac.quintino@uol.com.br,,SP,,prospeccao_profissionais
Consorcio Contracta - Telar,,rubens@khortywhite.com.br,,SP,,prospeccao_profissionais
G.T.A. Construcoes,,assessor.cont@superig.com.br,,SP,,prospeccao_profissionais
Farisco Empreiteira Ltda,,operacional@amfprofissionais.com,,SP,,prospeccao_profissionais
Aracon Construcao E Comercio Ltda,,societario@ocm7.com.br,,SP,,prospeccao_profissionais
MRV Engenharia,https://www.mrv.com.br,,,MG,,prospeccao_profissionais
Construtora Tenda,https://www.tenda.com,,,SP,,prospeccao_profissionais
Cyrela Brazil Realty,https://www.cyrela.com.br,,,SP,,prospeccao_profissionais
EZCorp Incorporacoes,https://www.ezcorp.com.br,,,SP,,prospeccao_profissionais
Construtora Camargo Correa,https://www.camargocorrea.com.br,,,SP,,prospeccao_profissionais
Andrade Gutierrez,https://www.andradegutierrez.com.br,,,MG,,prospeccao_profissionais
Construtora Norberto Odebrecht,https://www.odebrecht.com.br,,,BA,,prospeccao_profissionais
Queiroz Galvao Construcoes,https://www.queirozgalvao.com,,,PE,,prospeccao_profissionais
Forma e Reforma,,contato@formaereforma.com,,RJ,,prospeccao_profissionais
MR Engenharia,,contato@mrengenharia.com.br,,SP,,prospeccao_profissionais
FADX Engenharia,,contato@fadx.com.br,,SP,,prospeccao_profissionais
GMB Pre-Moldados e Materiais de Construcao,https://www.guiamais.com.br/fortaleza-ce,,,CE,,prospeccao_profissionais
Bracks Construcoes Ltda,,,,PR,,prospeccao_profissionais
Brasil Cabbo Construtora E Energia Ltda,,,,PR,,prospeccao_profissionais
Alex Zamuner,https://www.solutudo.com.br/sp/tiete,,,SP,,prospeccao_profissionais
Construtora Via Construcoes,,,,SP,,prospeccao_profissionais
Sinduscon-SF (Sul Fluminense),http://www.sinduscon-sf.org.br,sec@aceplanvr.com.br,,RJ,,prospeccao_profissionais
Antares Engenharia e Construcao,,antares.engenhariaeconstrucao@gmail.com,,RJ,,prospeccao_profissionais
Grupo Biotec,,nicolau.barbosa@grupobiotec.com.br,,RJ,,prospeccao_profissionais
Citrino Engenharia,,leila.roner@citrinoengenharia.com.br,,RJ,,prospeccao_profissionais
Construtora Santa Fe,,construtorasantafeltda@gmail.com,,RJ,,prospeccao_profissionais
MN Construtora,,contato@mnconstrutora.com,,RJ,,prospeccao_profissionais
Correa Junior Construtora,,construtora@correajunior.com.br,,RJ,,prospeccao_profissionais
Engemater,,administrativo@engemater.com.br,,RJ,,prospeccao_profissionais
IEL SUL Fluminense,,ielsulf@ielsulf.com.br,,RJ,,prospeccao_profissionais
KVG Engenharia,,kvg@kvgengenharia.com.br,,RJ,,prospeccao_profissionais
MA Industrial,,contato@maindustrial.com.br,,RJ,,prospeccao_profissionais
Maciele Melo,,financeiro@macielemelo.com.br,,RJ,,prospeccao_profissionais
MS Projetos,,marcelo.seabra@msprojetos.ind.br,,RJ,,prospeccao_profissionais
Moraes Lopes,,atendimento@moraeslopes.com.br,,RJ,,prospeccao_profissionais
Grupo Aceplan,,tayanerodrigues@grupoaceplan.com.br,,RJ,,prospeccao_profissionais
NPI Engenharia,,npi@npiengenharia.com.br,,RJ,,prospeccao_profissionais
Construtora Polo,,carlos@construtorapolo.com.br,,RJ,,prospeccao_profissionais
Riosul Construcoes,,riosul@riosulconstrucoes.com.br,,RJ,,prospeccao_profissionais
Singular Arquitetura,,singular@singulararquitetura.com.br,,RJ,,prospeccao_profissionais
Storm Geo Engenharia,,samuel@stormgeoengenharia.com.br,,RJ,,prospeccao_profissionais
Aurora Construtora,http://www.aurora.com.br,ajuda@aurora.com.br,551136232280; 551136232288; 5522780946076,MT,Cuiabá,prospeccao_inicial_jun2026
Alfatech Construtora,http://www.alfatechconstrutora.com.br,alfatech@alfatechconstrutora.com.br,,SP,São Paulo,prospeccao_inicial_jun2026
Aliança Construtora,http://www.aliancaconstrutora.com.br,alianca@aliancaconstrutora.com.br,5513982212121; 551332293255,SP,Santos,prospeccao_inicial_jun2026
Argos Construtora e Arquitetura Ltda,http://www.arquitetoaquiles.com.br,aquiles@arquitetoaquiles.com.br,551934623674; 551934067173; 5519997661990,SP,Americana,prospeccao_inicial_jun2026
Construtora Arce,http://www.arce.com.br,arce@arce.com.br,,PR,Curitiba,prospeccao_inicial_jun2026
Marca Construtora e Serviços Ltda.,http://www.marcaambiental.com.br,atendimento.cliente@marcaambiental.com.br,5527988382291; 5508008108099,ES,Cariacica,prospeccao_inicial_jun2026
BWB Construtora e Incorporadora Ltda,http://www.bwbincorporadora.com.br,atendimento@bwbincorporadora.com.br,555432041220,RS,Caxias do Sul,prospeccao_inicial_jun2026
Construmoura Construtora Empreendimentos,http://www.construmoura.com.br,atendimento@construmoura.com.br,551335055700; 5513996400343,SP,Mongaguá,prospeccao_inicial_jun2026
Construtora Atrium,http://www.construtoraatrium.com.br,atendimento@construtoraatrium.com.br,553135894000,MG,Serra Del Rei,prospeccao_inicial_jun2026
Construtora Fama,http://www.construtorafama.com.br,atendimento@construtorafama.com.br,558134718288; 551742285735; 551742285740,PE,Recife,prospeccao_inicial_jun2026
Construtora e Urbanizadora Rech Ltda,http://www.construtorarech.com.br,atendimento@construtorarech.com.br,555137113364,RS,Santa Cruz do Sul,prospeccao_inicial_jun2026
Construtora Mont Serrat,http://www.montserrat.com.br,atendimento@montserrat.com.br,552134169001,RJ,Rio de Janeiro,prospeccao_inicial_jun2026
Comercial Construtora Prohidro,http://www.prohidro.com,atendimento@prohidro.com,5515997408178; 551533318484,SP,Sorocaba,prospeccao_inicial_jun2026
Casas e Casas Construtora,http://www.casasecasasconstrutora.com.br,atendimento@prtcasasconstrutora.com.br,5511939539064; 551139077762; 551140040571,SP,Mogi das Cruzes,prospeccao_inicial_jun2026
CGL Construtora,http://www.cgl.com.br,ativo-1@4x-8.png,,PR,Curitiba,prospeccao_inicial_jun2026
CGL Construtora,http://www.cgl.com.br,ativo-3@300x.png,,PR,Curitiba,prospeccao_inicial_jun2026
Construtora Baggio Silveira Ltda,http://www.baggiosilveira.com.br,baggiosilveira@uol.com.br,554232252866,PR,Ponta Grossa,prospeccao_inicial_jun2026
Construtora E Incorporadora Leonel Ltda,http://www.cill.com.br,centraldevendas@cillconstrutora.com.br,554733450563; 554733451196; 554733453523,SC,Balneário Piçarras,prospeccao_inicial_jun2026
Construtora E Incorporadora Leonel Ltda,http://www.cill.com.br,cill@cillconstrutora.com.br,554733450563; 554733451196; 554733453523,SC,Balneário Piçarras,prospeccao_inicial_jun2026
Construtora Luiz Costa,http://www.clcconstrutora.com.br,clc@clcconstrutora.com.br,558433189500; 558481186465,RN,Mossoró,prospeccao_inicial_jun2026
Combase Construtora,http://www.combasedourados.com.br,combase@combasedourados.com.br,556734260100; 551780929018; 5572924841359,MS,Dourados,prospeccao_inicial_jun2026
Construtora Arthur Silveira,http://www.arthursilveira.com.br,comercial@arthursilveira.com.br,5548999147600,SC,Florianópolis,prospeccao_inicial_jun2026
Caf Construtora Comércio,http://www.cafconstrutora.com.br,comercial@cafconstrutora.com.br,551639426501,SP,Sertãozinho,prospeccao_inicial_jun2026
Cativa Construtora e Incorporadora Ltda,http://www.passe.com.br,comercial@passe.com.br,554732461000,SC,Itajaí,prospeccao_inicial_jun2026
CONEL CONSTRUTORA LTDA,http://www.conel.com.br,conel@conel.com.br,553432368600,MG,Uberlândia,prospeccao_inicial_jun2026
Conepura Construtora Incorporadora,http://www.conepura.com.br,conepura@conepura.com.br,551239416810; 551239416833,SP,São José dos Campos,prospeccao_inicial_jun2026
Conscam-construtora Campos Ltda,http://www.conscam.com.br,conscam@conscam.com.br,552230339709; 5522999829821,RJ,Campos dos Goytacazes,prospeccao_inicial_jun2026
Constilo Construtora,http://www.constilo.com.br,constilo@constilo.com.br,551932516786,SP,Campinas,prospeccao_inicial_jun2026
Construlemes Construtora,http://www.construlemes.com.br,construlemesconstrutora@gmail.com,551140321020; 5511999487929; 5511971373033,SP,Bragança Paulista,prospeccao_inicial_jun2026
Construtora Agmar Ltda,http://www.agmar.com.br,construtora@agmar.com.br,553133438000; 553196166520; 5531996166520,MG,Belo Horizonte,prospeccao_inicial_jun2026
Aires construtora,http://www.airesimoveis.com.br,construtora@airesimoveis.com.br,551126806726; 551334813100,SP,Praia Grande,prospeccao_inicial_jun2026
Construtora Entre os Rios Ltda,http://www.entreosrios.com.br,construtora@entreosrios.com.br,552125953838; 552125955959,RJ,Rio de Janeiro,prospeccao_inicial_jun2026
Construtora Guetter,http://www.guetter.com.br,construtora@guetter.com.br,554130277336,PR,Curitiba,prospeccao_inicial_jun2026
Construtora e Incorporadora Colúmbia,http://www.ci-columbia.com.br,construtoracolumbia@proton.me,,RS,Esteio,prospeccao_inicial_jun2026
Ademir Fresca Construtora Incorporadora,http://www.ademirfresca.com.br,contato@ademirfresca.com.br,551236811380,SP,Taubaté,prospeccao_inicial_jun2026
Construtora Altti,http://www.altti.com.br,contato@altti.com.br,553132865772; 5531986848860,MG,Belo Horizonte,prospeccao_inicial_jun2026
Construtora Anastácio,http://www.anastacio.com.br,contato@anastacio.com.br,5511942597234,SP,Osasco,prospeccao_inicial_jun2026
ARS Kammer Construtora,http://www.arskammerconstrutora.com.br,contato@arskammer.com.br,554733688954; 554733683576; 5548999681749,SC,São João Batista,prospeccao_inicial_jun2026
Construtora Arthur Silveira,http://www.arthursilveira.com.br,contato@arthursilveira.com.br,5548999147600,SC,Florianópolis,prospeccao_inicial_jun2026
Central de Vendas Construtora Bastian e Lora,http://www.bastianelora.com,contato@bastianelora.com,,PR,Cascavel,prospeccao_inicial_jun2026
BWB Construtora e Incorporadora Ltda,http://www.bwbincorporadora.com.br,contato@bwbilha.com.br,555432041220,RS,Caxias do Sul,prospeccao_inicial_jun2026
Concretizar Construtora Ltda,http://www.concretizarconstrutora.com.br,contato@concretizarconstrutora.com.br,553134119398; 5531991752014,MG,Caiçara,prospeccao_inicial_jun2026
Construtora Gotardo Ltda,http://www.construtoragotardo.com.br,contato@construtoragotardo.com.br,554532266115; 5545999818822,PR,Cascavel,prospeccao_inicial_jun2026
Construtora Madel Ltda,http://www.construtoramadel.com.br,contato@construtoramadel.com.br,552136204004; 552136205002; 552136205006,RJ,Niterói,prospeccao_inicial_jun2026
Construtora Sucesso,http://www.construtorasucesso.com.br,contato@construtorasucesso.com.br,5515592301375; 5527540102829; 5528763127875,PI,Teresina,prospeccao_inicial_jun2026
Elitim Construtora,http://www.elitim.com.br,contato@elitim.com.br,558432342412; 551780923948; 552812300476,RN,Natal,prospeccao_inicial_jun2026
Construtora Guaraenge Ltda,http://www.guaraenge.com.br,contato@guaraenge.com.br,554236243675; 5542999388286,PR,Guarapuava,prospeccao_inicial_jun2026
Construtora Hahne Ltda,http://www.hahne.com.br,contato@hahne.com.br,554733260677,SC,Blumenau,prospeccao_inicial_jun2026
CHC Construtora,http://www.hrcerta.com.br,contato@hrcerta.com.br,554734252600,SC,Joinville,prospeccao_inicial_jun2026
Construtora Celi,http://www.celi.com.br,contato@ilbj.org.br,,BA,Salvador,prospeccao_inicial_jun2026
Construtora São Benedito Plantão de Vendas,http://www.marcosbiancardini.com.br,contato@marcosbiancardini.com.br,5565984040805; 5511912273741; 5512215055144,MT,Centro,prospeccao_inicial_jun2026
Construtora Mendonça Júnior,http://www.mendoncajunior.com.br,contato@mendoncajunior.com.br,558432344017; 5511984742255; 5513753517307,RN,Natal,prospeccao_inicial_jun2026
Construtora Monjardim Marques,http://www.monjardimconstrucoes.com.br,contato@monjardimconstrucoes.com.br,,RJ,Rio de Janeiro,prospeccao_inicial_jun2026
Construtora RC BOTELHO,http://www.rcbotelho.com.br,contato@rcbotelho.com.br,5521994231277,RJ,Amendoeira,prospeccao_inicial_jun2026
Construtora Reata,http://www.reata.com.br,contato@reata.com.br,5558531058000; 5568219016285; 5571242423521,CE,Fortaleza,prospeccao_inicial_jun2026
Construtora Talismã,http://www.talismaconstrutora.com.br,contato@talismaconstrutora.com.br,556332174060; 556341012815; 551494352166,TO,Palmas,prospeccao_inicial_jun2026
Construtora e Incorporadora Vincere,http://www.vincereconstrutora.com.br,contato@vincereincorporadora.com.br,554133139950,PR,Curitiba,prospeccao_inicial_jun2026
Dellmoro Construtora,http://www.dellmoro.com.br,contatos@dellmoro.com.br,559137296260,PA,Paragominas,prospeccao_inicial_jun2026
CPL-Construtora Pirâmide,http://www.construtorapiramide.com.br,cpl@construtorapiramide.com.br,5514582210023; 5514582213064; 5514582221016,PB,João Pessoa,prospeccao_inicial_jun2026
Himalaia Construtora Ltda,http://www.himalaia.net.br,csm@himalaia.net.br,5562999697532; 5514285714286; 551724956028,GO,Goiânia,prospeccao_inicial_jun2026
Construtora e Incorporadora Colúmbia,http://www.ci-columbia.com.br,engenharia@cicolumbia.com.br,,RS,Esteio,prospeccao_inicial_jun2026
Clave Construtora | Vivendas do Pirajá,http://www.clave.com.br,exemplo@meusite.com,555130616665; 5551998816665; 5550911091920,RS,Porto Alegre,prospeccao_inicial_jun2026
Construtora Incorporadora J A Russi Ltda,http://www.jarussi.com.br,fachada@2x.png,554732617300; 5547999732295; 5547997030135,SC,Itapema,prospeccao_inicial_jun2026
Construtora Giacomazzi,http://www.giacomazzi.com.br,falecom@giacomazzi.com.br,,PR,Curitiba,prospeccao_inicial_jun2026
C O N A S A Construtora,http://www.conasa.com.br,faleconosco@conasa.com,554330253636,RJ,Rio de Janeiro,prospeccao_inicial_jun2026
Construtora e Incorporadora Dalposso,http://www.dalposso.com.br,financeiro@dalposso.com.br,,RS,Tapejara,prospeccao_inicial_jun2026
Signus Construtora,http://www.signusconstrutora.com.br,fornecedores@signusconstrutora.com.br,552732255444,ES,Vitória,prospeccao_inicial_jun2026
FUNSOLOS CONSTRUTORA E ENGENHARIA LTDA,http://www.funsolos.com.br,funsolos.cuiaba@funsolos.com,556536375900; 556635449292; 551774547968,MS,Campo Grande,prospeccao_inicial_jun2026
FUNSOLOS CONSTRUTORA E ENGENHARIA LTDA,http://www.funsolos.com.br,funsolos.matriz@funsolos.com,556536375900; 556635449292; 551774547968,MS,Campo Grande,prospeccao_inicial_jun2026
FUNSOLOS CONSTRUTORA E ENGENHARIA LTDA,http://www.funsolos.com.br,funsolos.sorriso@funsolos.com.br,556536375900; 556635449292; 551774547968,MS,Campo Grande,prospeccao_inicial_jun2026
Construtora Arce,http://www.arce.com.br,geral@arce.com.br,,PR,Curitiba,prospeccao_inicial_jun2026
Construtora e Incorporadora Dalposso,http://www.dalposso.com.br,gisela@dalposso.com.br,,RS,Tapejara,prospeccao_inicial_jun2026
Caf Construtora Comércio,http://www.cafconstrutora.com.br,info@realestate.com,551639426501,SP,Sertãozinho,prospeccao_inicial_jun2026
Construtora J Gomes,http://www.construtorajgomes.com.br,jgomes@wnet.com.br,,PR,Maringá,prospeccao_inicial_jun2026
Construtora Hahne Ltda,http://www.hahne.com.br,lgpd@hahne.com.br,554733260677,SC,Blumenau,prospeccao_inicial_jun2026
CBC Construtora Base e Comércio.,http://www.cbcconstrutora.com.br,marcelo.dipre@cbcconstrutora.com.br,552732509006; 552732280100,ES,Carapina,prospeccao_inicial_jun2026
Construtora J Gomes,http://www.construtorajgomes.com.br,marcelo.fgomes@live.com,,PR,Maringá,prospeccao_inicial_jun2026
Mazzini Gomes Construtora e Incorporadora Ltda,http://www.mazzinigomes.com.br,mazzini@mazzinigomes.com.br,5502733571099; 552733571099,ES,Vitória,prospeccao_inicial_jun2026
Construmoura Construtora Empreendimentos,http://www.construmoura.com.br,mrjacad@gmail.com,551335055700; 5513996400343,SP,Mongaguá,prospeccao_inicial_jun2026
Construtora Talismã,http://www.talismaconstrutora.com.br,negocios@talismaconstrutora.com.br,556332174060; 556341012815; 551494352166,TO,Palmas,prospeccao_inicial_jun2026
CPL-Construtora Pirâmide,http://www.construtorapiramide.com.br,piramide@construtorapiramide.com.br,5514582210023; 5514582213064; 5514582221016,PB,João Pessoa,prospeccao_inicial_jun2026
Construtora e Incorporadora Dalposso,http://www.dalposso.com.br,projetos@dalposso.com.br,,RS,Tapejara,prospeccao_inicial_jun2026
CNA Construtora e Incorporadora Ltda.,http://www.cnaconstrutora.com.br,relacionamento3@cnaconstrutora.com.br,5547992499232; 5547992354715; 5547988474642,SC,Itapema,prospeccao_inicial_jun2026
CNA Construtora e Incorporadora Ltda.,http://www.cnaconstrutora.com.br,relacionamento4@cnaconstrutora.com.br,5547992499232; 5547992354715; 5547988474642,SC,Itapema,prospeccao_inicial_jun2026
CNA Construtora e Incorporadora Ltda.,http://www.cnaconstrutora.com.br,relacionamento5@cnaconstrutora.com.br,5547992499232; 5547992354715; 5547988474642,SC,Itapema,prospeccao_inicial_jun2026
CNA Construtora e Incorporadora Ltda.,http://www.cnaconstrutora.com.br,relacionamento@cnaconstrutora.com.br,5547992499232; 5547992354715; 5547988474642,SC,Itapema,prospeccao_inicial_jun2026
CONSTRUTORA ELDORADO LTDA,http://www.construtoraeldorado.com.br,rh02@eldorado.eng.br,551563814684; 551780782783; 5526277211348,PE,Recife,prospeccao_inicial_jun2026
Construtora e Incorporadora Dalposso,http://www.dalposso.com.br,rh@dalposso.com.br,,RS,Tapejara,prospeccao_inicial_jun2026
Construtora Abapan,http://www.abapan.com.br,ricardo@abapan.com.br,554532244843,PR,Cascavel,prospeccao_inicial_jun2026
CBC Construtora Base e Comércio.,http://www.cbcconstrutora.com.br,rodrigo@cbcconstrutora.com.br,552732509006; 552732280100,ES,Carapina,prospeccao_inicial_jun2026
Construtora Certa,http://www.construtoracerta.com.br,sac@certaengenharia.com.br,558432062999; 5584124423639,RN,Natal,prospeccao_inicial_jun2026
Construtora Certa,http://www.construtoracerta.com.br,sac@construtoracerta.com.br,558432062999; 5584124423639,RN,Natal,prospeccao_inicial_jun2026
Construtora Fernandes Maciel,http://www.fernandesmaciel.com.br,sac@fernandesmaciel.com.br,552126215600; 552126133752; 552136200101,RJ,Niterói,prospeccao_inicial_jun2026
Construtora Fontanive,http://www.fontanive.com.br,sac@fontanive.com.br,554132621010,PR,Curitiba,prospeccao_inicial_jun2026
Construtora Saimel,http://www.saimel.com.br,saimel@saimel.com.br,5521971404058; 552125766792,RJ,Rio de Janeiro,prospeccao_inicial_jun2026
Construtora Entre os Rios Ltda,http://www.entreosrios.com.br,suprimentos@entreosrios.com.br,552125953838; 552125955959,RJ,Rio de Janeiro,prospeccao_inicial_jun2026
Construtora e Incorporadora JCL Ltda,http://www.jlc.com.br,tower@3x.png,5547997150150,SC,Itapema,prospeccao_inicial_jun2026
Construtora Araújo Lima,http://www.araujolima.com,vendas@araujolima.com,5531984951360; 553133036700,MG,Belo Horizonte,prospeccao_inicial_jun2026
Construtora e Incorporadora Colúmbia,http://www.ci-columbia.com.br,vendas@cicolumbia.com.br,,RS,Esteio,prospeccao_inicial_jun2026
Conepura Construtora Incorporadora,http://www.conepura.com.br,vendas@conepura.com.br,551239416810; 551239416833,SP,São José dos Campos,prospeccao_inicial_jun2026
Construtora e Incorporadora Dalposso,http://www.dalposso.com.br,vendas@dalposso.com.br,,RS,Tapejara,prospeccao_inicial_jun2026
Construtora Dib e Dib,http://www.dibdib.com.br,vendas@dibdib.com.br,5551995755027,RS,Porto Alegre,prospeccao_inicial_jun2026
Tuma Construtora e Incorporadora,http://www.tmaconstrutora.com.br,vendas@tmaconstrutora.com.br,5527992393968; 552733141491; 552733141177,ES,Vitória,prospeccao_inicial_jun2026
CBC Construtora Base e Comércio.,http://www.cbcconstrutora.com.br,waldir@cbcconstrutora.com.br,552732509006; 552732280100,ES,Carapina,prospeccao_inicial_jun2026
